t,touch_FL, touch_FR, touch_RL, touch_RR
0.000000, 0.000000, 0.000000, 0.000000, 0.000000 
0.002500, 0.000000, 0.000000, 0.000000, 0.000000 
0.005000, 0.000000, 0.000000, 0.000000, 0.000000 
0.007500, 0.000000, 0.000000, 0.000000, 0.000000 
0.010000, 0.000000, 0.000000, 0.000000, 0.000000 
0.012500, 16.262460, 15.522263, 14.813994, 14.614590 
0.015000, 25.359314, 24.223171, 23.034622, 22.589170 
0.017500, 35.292067, 34.237576, 33.023203, 32.649983 
0.020000, 44.455688, 43.549040, 42.501819, 42.253239 
0.022500, 52.679931, 51.895909, 51.083996, 50.943411 
0.025000, 60.029026, 59.335440, 58.802763, 58.748028 
0.027500, 66.569278, 65.937181, 65.727147, 65.737764 
0.030000, 72.379875, 71.791450, 71.950874, 72.014587 
0.032500, 77.579831, 77.016702, 77.569870, 78.227047 
0.035000, 82.250790, 81.703213, 82.681668, 83.449560 
0.037500, 86.465778, 85.927176, 87.356932, 88.226972 
0.040000, 90.285626, 89.752141, 91.655811, 92.615213 
0.042500, 93.760265, 93.235087, 96.401128, 96.648750 
0.045000, 96.931396, 96.415475, 100.133214, 100.380465 
0.047500, 99.828778, 99.322977, 103.613391, 103.840978 
0.050000, 102.479376, 101.981108, 106.850703, 107.059969 
0.052500, 104.906905, 104.412748, 109.864226, 110.058590 
0.055000, 107.130430, 106.636837, 112.672558, 112.854354 
0.057500, 109.165185, 108.668799, 115.291579, 115.462048 
0.060000, 111.023901, 110.521775, 117.734385, 117.894079 
0.062500, 112.717553, 112.207314, 120.011829, 120.160983 
0.065000, 114.255701, 113.735643, 122.133090, 122.271899 
0.067500, 115.646749, 115.115857, 124.106082, 124.234874 
0.070000, 116.898219, 116.356131, 125.937755, 126.057073 
0.072500, 118.016973, 117.463893, 127.634326, 127.744937 
0.075000, 119.009389, 118.445964, 129.201463, 129.304317 
0.077500, 119.881470, 119.308655, 130.644428, 130.740583 
0.080000, 120.638935, 120.057856, 131.968180, 132.058717 
0.082500, 121.287272, 120.699102, 133.177448, 133.263386 
0.085000, 121.831785, 121.237640, 134.276776, 134.359003 
0.087500, 122.277611, 121.678477, 135.270559, 135.349784 
0.090000, 122.629736, 122.026425, 136.163060, 136.239788 
0.092500, 122.893005, 122.286134, 136.958423, 137.032952 
0.095000, 123.072124, 122.462122, 137.660682, 137.733122 
0.097500, 123.171660, 122.558791, 138.273761, 138.344068 
0.100000, 123.196047, 122.580445, 138.801488, 138.869499 
0.102500, 123.149588, 122.531297, 139.247587, 139.313068 
0.105000, 123.036459, 122.415470, 139.615694, 139.678381 
0.107500, 122.860712, 122.237002, 139.909356, 139.968988 
0.110000, 122.626283, 121.999840, 140.132036, 140.188387 
0.112500, 122.336995, 121.707841, 140.287122, 140.340014 
0.115000, 121.996566, 121.364763, 140.377929, 140.427243 
0.117500, 121.608611, 120.974266, 140.407701, 140.453379 
0.120000, 121.176645, 120.539906, 140.379619, 140.421652 
0.122500, 120.704087, 120.065131, 140.296796, 140.335220 
0.125000, 120.194262, 119.553286, 140.162281, 140.197160 
0.127500, 119.650399, 119.007605, 139.979059, 140.010471 
0.130000, 119.075633, 118.431218, 139.750047, 139.778073 
0.132500, 118.473002, 117.827147, 139.478095, 139.502808 
0.135000, 117.845448, 117.198311, 139.165981, 139.187439 
0.137500, 117.195814, 116.547526, 138.816413, 138.834655 
0.140000, 116.526844, 115.877508, 138.432023, 138.447068 
0.142500, 115.841183, 115.190874, 138.015367, 138.027216 
0.145000, 115.141374, 114.490143, 137.568927, 137.577564 
0.147500, 114.429859, 113.777740, 137.095106, 137.100506 
0.150000, 113.708982, 113.055992, 136.596229, 136.598361 
0.152500, 112.980987, 112.327134, 136.074546, 136.073379 
0.155000, 112.248017, 111.593306, 135.532229, 135.527734 
0.157500, 111.420305, 110.704336, 134.968988, 134.961470 
0.160000, 109.921325, 109.176153, 134.388586, 134.378888 
0.162500, 108.462968, 107.720608, 133.803285, 133.791468 
0.165000, 107.123207, 106.382793, 133.214429, 133.200388 
0.167500, 106.048689, 105.341130, 132.616555, 132.599506 
0.170000, 105.437154, 104.790919, 132.018493, 131.997658 
0.172500, 104.893284, 104.243876, 131.414439, 131.389791 
0.175000, 104.342255, 103.689932, 130.801542, 130.773193 
0.177500, 103.790061, 103.135314, 130.180864, 130.149016 
0.180000, 103.239825, 102.583488, 129.453594, 129.366498 
0.182500, 102.688931, 102.031595, 128.330443, 128.222409 
0.185000, 102.136974, 101.478920, 127.164752, 127.056013 
0.187500, 101.592873, 100.934211, 126.006933, 125.896672 
0.190000, 101.065712, 100.406493, 124.895876, 124.783462 
0.192500, 100.560559, 99.900311, 123.939059, 123.899701 
0.195000, 100.087449, 99.426044, 123.462958, 123.419724 
0.197500, 99.642952, 98.980401, 122.980346, 122.932607 
0.200000, 99.214472, 98.550862, 122.494202, 122.442254 
0.202500, 98.796494, 98.131884, 122.006260, 121.950518 
0.205000, 98.391063, 97.725496, 121.517701, 121.458544 
0.207500, 98.000807, 97.334314, 121.030551, 120.968299 
0.210000, 97.626598, 96.959195, 120.547014, 120.481926 
0.212500, 97.268538, 96.600223, 120.068843, 120.001121 
0.215000, 96.926811, 96.257562, 119.597354, 119.527150 
0.217500, 96.601704, 95.931489, 119.133618, 119.061045 
0.220000, 96.293427, 95.622205, 118.678558, 118.603696 
0.222500, 96.002069, 95.329794, 118.232954, 118.155860 
0.225000, 95.727631, 95.054260, 117.797449, 117.718167 
0.227500, 95.470064, 94.795558, 117.372575, 117.291139 
0.230000, 95.229268, 94.553596, 116.958765, 116.875211 
0.232500, 95.005098, 94.328240, 116.556377, 116.470742 
0.235000, 94.797366, 94.119310, 116.165699, 116.078025 
0.237500, 94.605845, 93.926591, 115.786960, 115.697296 
0.240000, 94.430275, 93.749832, 115.420338, 115.328738 
0.242500, 94.270368, 93.588752, 115.065963, 114.972487 
0.245000, 94.125808, 93.443038, 114.723929, 114.628641 
0.247500, 93.996253, 93.312354, 114.394291, 114.297258 
0.250000, 93.881342, 93.196339, 114.077073, 113.978363 
0.252500, 93.780692, 93.094610, 113.772270, 113.671948 
0.255000, 93.693902, 93.006765, 113.479850, 113.377981 
0.257500, 93.620557, 92.932386, 113.199753, 113.096402 
0.260000, 93.560224, 92.871040, 112.931901, 112.827128 
0.262500, 93.512460, 92.822281, 112.676191, 112.570054 
0.265000, 93.476809, 92.785651, 112.432501, 112.325057 
0.267500, 93.452806, 92.760686, 112.200692, 112.091996 
0.270000, 93.439977, 92.746912, 111.980605, 111.870711 
0.272500, 93.437843, 92.743849, 111.772069, 111.661032 
0.275000, 93.445917, 92.751013, 111.574895, 111.462769 
0.277500, 93.463712, 92.767918, 111.388884, 111.275724 
0.280000, 93.490735, 92.794074, 111.213823, 111.099684 
0.282500, 93.526496, 92.828992, 111.049488, 110.934428 
0.285000, 93.570502, 92.872183, 110.895648, 110.779723 
0.287500, 93.622265, 92.923160, 110.752060, 110.635328 
0.290000, 93.681297, 92.981437, 110.618475, 110.500995 
0.292500, 93.747117, 93.046534, 110.494638, 110.376467 
0.295000, 93.819247, 93.117975, 110.380285, 110.261482 
0.297500, 93.897215, 93.195290, 110.275152, 110.155773 
0.300000, 93.980558, 93.278015, 110.178965, 110.059069 
0.302500, 94.068819, 93.365695, 110.091452, 109.971093 
0.305000, 94.213366, 93.491462, 110.013087, 109.892442 
0.307500, 94.411414, 93.690290, 109.944014, 109.823195 
0.310000, 94.654039, 93.924899, 109.880137, 109.759393 
0.312500, 94.883286, 94.155260, 109.821425, 109.700743 
0.315000, 95.097066, 94.370039, 109.768297, 109.647675 
0.317500, 95.297116, 94.571018, 109.721032, 109.600460 
0.320000, 95.484920, 94.759733, 109.679625, 109.559107 
0.322500, 95.661464, 94.937218, 109.643945, 109.523500 
0.325000, 95.827465, 95.104223, 109.613848, 109.493508 
0.327500, 95.983526, 95.261368, 109.589201, 109.469008 
0.330000, 96.130186, 95.409198, 109.569865, 109.449870 
0.332500, 96.267920, 95.548183, 109.555691, 109.435948 
0.335000, 96.397148, 95.678731, 109.546523, 109.427086 
0.337500, 96.518244, 95.801201, 109.542196, 109.423118 
0.340000, 96.631551, 95.915920, 109.542544, 109.423875 
0.342500, 96.737387, 96.023193, 109.547400, 109.429184 
0.345000, 96.836053, 96.123307, 109.556594, 109.438869 
0.347500, 96.927834, 96.216539, 109.569955, 109.452754 
0.350000, 97.013005, 96.303158, 109.587310, 109.470661 
0.352500, 97.091831, 96.383427, 109.608489, 109.492413 
0.355000, 97.164569, 96.457604, 109.633317, 109.517835 
0.357500, 97.231472, 96.525942, 109.661623, 109.546752 
0.360000, 97.292787, 96.588694, 109.693235, 109.578990 
0.362500, 97.348756, 96.646104, 109.727981, 109.614377 
0.365000, 97.399617, 96.698415, 109.765692, 109.652744 
0.367500, 97.445607, 96.745866, 109.806199, 109.693922 
0.370000, 97.486956, 96.788690, 109.849335, 109.737744 
0.372500, 97.523918, 96.826992, 109.899397, 109.789853 
0.375000, 97.555530, 96.859988, 110.015183, 109.906949 
0.377500, 97.581559, 96.887441, 110.129137, 110.022190 
0.380000, 97.602555, 96.909888, 110.240106, 110.134434 
0.382500, 97.619381, 96.928172, 110.346675, 110.242269 
0.385000, 97.633703, 96.943734, 110.454150, 110.352816 
0.387500, 97.644869, 96.956286, 110.564042, 110.464130 
0.390000, 97.652186, 96.964994, 110.672631, 110.574145 
0.392500, 97.656084, 96.970276, 110.778291, 110.681226 
0.395000, 97.657030, 96.972584, 110.879627, 110.783969 
0.397500, 97.655399, 96.972288, 110.976187, 110.881915 
0.400000, 97.651488, 96.969678, 111.068066, 110.975153 
0.402500, 97.645550, 96.965008, 111.155518, 111.063934 
0.405000, 97.637816, 96.958507, 111.238787, 111.148497 
0.407500, 97.628500, 96.950387, 111.318071, 111.229039 
0.410000, 97.617799, 96.940850, 111.393528, 111.305718 
0.412500, 97.605899, 96.930080, 111.465295, 111.378670 
0.415000, 97.592973, 96.918252, 111.533495, 111.448020 
0.417500, 97.579178, 96.905527, 111.598245, 111.513884 
0.420000, 97.564662, 96.892053, 111.659655, 111.576374 
0.422500, 97.549562, 96.877967, 111.717833, 111.635600 
0.425000, 97.534002, 96.863397, 111.772885, 111.691666 
0.427500, 97.518098, 96.848457, 111.824913, 111.744678 
0.430000, 97.501956, 96.833254, 111.874020, 111.794738 
0.432500, 97.485672, 96.817885, 111.920309, 111.841949 
0.435000, 97.469336, 96.802438, 111.963879, 111.886412 
0.437500, 97.453027, 96.786993, 112.004833, 111.928227 
0.440000, 97.436816, 96.771620, 112.043270, 111.967495 
0.442500, 97.420770, 96.756386, 112.079288, 112.004314 
0.445000, 97.404945, 96.741346, 112.112986, 112.038784 
0.447500, 97.389393, 96.726552, 112.144461, 112.071000 
0.450000, 97.374159, 96.712050, 112.173809, 112.101060 
0.452500, 97.359282, 96.697877, 112.201123, 112.129058 
0.455000, 97.344794, 96.684068, 112.226497, 112.155087 
0.457500, 97.330726, 96.670653, 112.250021, 112.179239 
0.460000, 97.317100, 96.657654, 112.271785, 112.201604 
0.462500, 97.303935, 96.645092, 112.291874, 112.222268 
0.465000, 97.291248, 96.632984, 112.310373, 112.241319 
0.467500, 97.279050, 96.621341, 112.327367, 112.258838 
0.470000, 97.267349, 96.610173, 112.342933, 112.274908 
0.472500, 97.256150, 96.599485, 112.357151, 112.289606 
0.475000, 97.245456, 96.589280, 112.370096, 112.303010 
0.477500, 97.235267, 96.579560, 112.381841, 112.315193 
0.480000, 97.225580, 96.570321, 112.392457, 112.326225 
0.482500, 97.216391, 96.561561, 112.402010, 112.336176 
0.485000, 97.207694, 96.553273, 112.410568, 112.345111 
0.487500, 97.199480, 96.545450, 112.418192, 112.353095 
0.490000, 97.191741, 96.538083, 112.424943, 112.360187 
0.492500, 97.184466, 96.531163, 112.430879, 112.366446 
0.495000, 97.177644, 96.524677, 112.436055, 112.371929 
0.497500, 97.171261, 96.518615, 112.440524, 112.376688 
0.500000, 97.165304, 96.512962, 112.444337, 112.380775 
0.502500, 97.159760, 96.507706, 112.447541, 112.384238 
0.505000, 97.154613, 96.502832, 112.450183, 112.387123 
0.507500, 97.149849, 96.498326, 112.452305, 112.389475 
0.510000, 97.145453, 96.494174, 112.453950, 112.391335 
0.512500, 97.141410, 96.490360, 112.455155, 112.392743 
0.515000, 97.137703, 96.486870, 112.455958, 112.393736 
0.517500, 97.134317, 96.483689, 112.456394, 112.394350 
0.520000, 97.131237, 96.480801, 112.456496, 112.394618 
0.522500, 97.128447, 96.478192, 112.456295, 112.394572 
0.525000, 97.125933, 96.475847, 112.455820, 112.394242 
0.527500, 97.123679, 96.473751, 112.455098, 112.393654 
0.530000, 97.121671, 96.471891, 112.454156, 112.392837 
0.532500, 97.119894, 96.470252, 112.453017, 112.391814 
0.535000, 97.118334, 96.468822, 112.451704, 112.390607 
0.537500, 97.116978, 96.467586, 112.450239, 112.389240 
0.540000, 97.115813, 96.466532, 112.448640, 112.387731 
0.542500, 97.114826, 96.465647, 112.446925, 112.386099 
0.545000, 97.114003, 96.464920, 112.445113, 112.384362 
0.547500, 97.113335, 96.464339, 112.443219, 112.382535 
0.550000, 97.112809, 96.463893, 112.441256, 112.380634 
0.552500, 97.112413, 96.463571, 112.439239, 112.378673 
0.555000, 97.112139, 96.463363, 112.437180, 112.376663 
0.557500, 97.111975, 96.463260, 112.435090, 112.374617 
0.560000, 97.111912, 96.463252, 112.432980, 112.372544 
0.562500, 97.111941, 96.463330, 112.430859, 112.370456 
0.565000, 97.112054, 96.463487, 112.428735, 112.368361 
0.567500, 97.112242, 96.463714, 112.426617, 112.366267 
0.570000, 97.112497, 96.464003, 112.424512, 112.364181 
0.572500, 97.112813, 96.464349, 112.422425, 112.362109 
0.575000, 97.113182, 96.464743, 112.420363, 112.360059 
0.577500, 97.113598, 96.465181, 112.418331, 112.358035 
0.580000, 97.114055, 96.465656, 112.416332, 112.356041 
0.582500, 97.114547, 96.466162, 112.414372, 112.354082 
0.585000, 97.115070, 96.466696, 112.412453, 112.352162 
0.587500, 97.115618, 96.467251, 112.410579, 112.350283 
0.590000, 97.116186, 96.467825, 112.408751, 112.348449 
0.592500, 97.116771, 96.468412, 112.406973, 112.346661 
0.595000, 97.117369, 96.469009, 112.405245, 112.344922 
0.597500, 97.117975, 96.469613, 112.403570, 112.343233 
0.600000, 97.118588, 96.470221, 112.401948, 112.341596 
0.602500, 97.119203, 96.470829, 112.400380, 112.340011 
0.605000, 97.119819, 96.471436, 112.398867, 112.338478 
0.607500, 97.120432, 96.472039, 112.397408, 112.336999 
0.610000, 97.121041, 96.472635, 112.396005, 112.335574 
0.612500, 97.121643, 96.473223, 112.394656, 112.334201 
0.615000, 97.122237, 96.473802, 112.393361, 112.332882 
0.617500, 97.122820, 96.474370, 112.392121, 112.331616 
0.620000, 97.123393, 96.474925, 112.390934, 112.330403 
0.622500, 97.123953, 96.475466, 112.389799, 112.329240 
0.625000, 97.124499, 96.475993, 112.388716, 112.328129 
0.627500, 97.125031, 96.476504, 112.387683, 112.327068 
0.630000, 97.125548, 96.477000, 112.386700, 112.326055 
0.632500, 97.126048, 96.477479, 112.385766, 112.325090 
0.635000, 97.126533, 96.477941, 112.384878, 112.324172 
0.637500, 97.127000, 96.478385, 112.384037, 112.323300 
0.640000, 97.127451, 96.478812, 112.383240, 112.322471 
0.642500, 97.127884, 96.479222, 112.382486, 112.321685 
0.645000, 97.128299, 96.479614, 112.381774, 112.320941 
0.647500, 97.128698, 96.479988, 112.381102, 112.320238 
0.650000, 97.129079, 96.480344, 112.380470, 112.319573 
0.652500, 97.129442, 96.480683, 112.379874, 112.318945 
0.655000, 97.129789, 96.481005, 112.379315, 112.318353 
0.657500, 97.130119, 96.481310, 112.378791, 112.317797 
0.660000, 97.130432, 96.481598, 112.378300, 112.317273 
0.662500, 97.130729, 96.481870, 112.377841, 112.316781 
0.665000, 97.131009, 96.482126, 112.377412, 112.316320 
0.667500, 97.131275, 96.482367, 112.377012, 112.315889 
0.670000, 97.131525, 96.482592, 112.376640, 112.315485 
0.672500, 97.131760, 96.482803, 112.376295, 112.315107 
0.675000, 97.131981, 96.483000, 112.375974, 112.314755 
0.677500, 97.132188, 96.483183, 112.375678, 112.314428 
0.680000, 97.132381, 96.483353, 112.375404, 112.314123 
0.682500, 97.132562, 96.483510, 112.375152, 112.313840 
0.685000, 97.132730, 96.483655, 112.374920, 112.313577 
0.687500, 97.132886, 96.483788, 112.374708, 112.313334 
0.690000, 97.133031, 96.483910, 112.374513, 112.313110 
0.692500, 97.133164, 96.484022, 112.374335, 112.312903 
0.695000, 97.133287, 96.484123, 112.374174, 112.312712 
0.697500, 97.133401, 96.484214, 112.374028, 112.312537 
0.700000, 97.133504, 96.484296, 112.373895, 112.312376 
0.702500, 97.133598, 96.484370, 112.373776, 112.312228 
0.705000, 97.133684, 96.484435, 112.373670, 112.312094 
0.707500, 97.133762, 96.484493, 112.373575, 112.311971 
0.710000, 97.133832, 96.484543, 112.373490, 112.311860 
0.712500, 97.133894, 96.484586, 112.373416, 112.311759 
0.715000, 97.133950, 96.484622, 112.373351, 112.311667 
0.717500, 97.133999, 96.484653, 112.373294, 112.311585 
0.720000, 97.134042, 96.484677, 112.373246, 112.311511 
0.722500, 97.134079, 96.484697, 112.373205, 112.311445 
0.725000, 97.134111, 96.484711, 112.373170, 112.311385 
0.727500, 97.134137, 96.484721, 112.373142, 112.311333 
0.730000, 97.134160, 96.484726, 112.373119, 112.311286 
0.732500, 97.134177, 96.484728, 112.373102, 112.311245 
0.735000, 97.134191, 96.484725, 112.373089, 112.311209 
0.737500, 97.134201, 96.484720, 112.373080, 112.311177 
0.740000, 97.134207, 96.484711, 112.373076, 112.311150 
0.742500, 97.134211, 96.484700, 112.373074, 112.311127 
0.745000, 97.134211, 96.484686, 112.373076, 112.311107 
0.747500, 97.134209, 96.484670, 112.373080, 112.311090 
0.750000, 97.134204, 96.484651, 112.373087, 112.311076 
0.752500, 97.134197, 96.484631, 112.373096, 112.311065 
0.755000, 97.134188, 96.484609, 112.373107, 112.311056 
0.757500, 97.134177, 96.484586, 112.373120, 112.311048 
0.760000, 97.134164, 96.484561, 112.373134, 112.311043 
0.762500, 97.134150, 96.484535, 112.373148, 112.311039 
0.765000, 97.134135, 96.484508, 112.373164, 112.311036 
0.767500, 97.134118, 96.484481, 112.373181, 112.311034 
0.770000, 97.134101, 96.484452, 112.373198, 112.311033 
0.772500, 97.134082, 96.484424, 112.373216, 112.311033 
0.775000, 97.134063, 96.484394, 112.373234, 112.311034 
0.777500, 97.134043, 96.484365, 112.373252, 112.311035 
0.780000, 97.134023, 96.484335, 112.373270, 112.311036 
0.782500, 97.134002, 96.484305, 112.373288, 112.311037 
0.785000, 97.133981, 96.484275, 112.373305, 112.311039 
0.787500, 97.133960, 96.484245, 112.373323, 112.311041 
0.790000, 97.133938, 96.484215, 112.373340, 112.311043 
0.792500, 97.133917, 96.484185, 112.373357, 112.311044 
0.795000, 97.133895, 96.484156, 112.373373, 112.311046 
0.797500, 97.133873, 96.484127, 112.373389, 112.311047 
0.800000, 97.133851, 96.484098, 112.373404, 112.311048 
0.802500, 97.133830, 96.484069, 112.373419, 112.311048 
0.805000, 97.133808, 96.484041, 112.373433, 112.311049 
0.807500, 97.133787, 96.484014, 112.373447, 112.311049 
0.810000, 97.133766, 96.483987, 112.373459, 112.311048 
0.812500, 97.133746, 96.483960, 112.373471, 112.311047 
0.815000, 97.133725, 96.483934, 112.373483, 112.311046 
0.817500, 97.133705, 96.483909, 112.373493, 112.311044 
0.820000, 97.133685, 96.483884, 112.373504, 112.311042 
0.822500, 97.133666, 96.483859, 112.373513, 112.311039 
0.825000, 97.133647, 96.483835, 112.373521, 112.311036 
0.827500, 97.133628, 96.483812, 112.373529, 112.311032 
0.830000, 97.133610, 96.483790, 112.373537, 112.311028 
0.832500, 97.133592, 96.483767, 112.373543, 112.311023 
0.835000, 97.133574, 96.483746, 112.373549, 112.311018 
0.837500, 97.133557, 96.483725, 112.373555, 112.311013 
0.840000, 97.133541, 96.483705, 112.373559, 112.311007 
0.842500, 97.133524, 96.483685, 112.373564, 112.311001 
0.845000, 97.133508, 96.483666, 112.373567, 112.310994 
0.847500, 97.133493, 96.483647, 112.373570, 112.310987 
0.850000, 97.133477, 96.483629, 112.373573, 112.310980 
0.852500, 97.133463, 96.483612, 112.373575, 112.310972 
0.855000, 97.133448, 96.483595, 112.373576, 112.310964 
0.857500, 97.133434, 96.483578, 112.373577, 112.310956 
0.860000, 97.133420, 96.483562, 112.373578, 112.310947 
0.862500, 97.133407, 96.483547, 112.373578, 112.310938 
0.865000, 97.133394, 96.483532, 112.373577, 112.310929 
0.867500, 97.133381, 96.483517, 112.373577, 112.310920 
0.870000, 97.133369, 96.483503, 112.373576, 112.310910 
0.872500, 97.133357, 96.483490, 112.373574, 112.310900 
0.875000, 97.133345, 96.483477, 112.373573, 112.310890 
0.877500, 97.133334, 96.483464, 112.373571, 112.310880 
0.880000, 97.133322, 96.483452, 112.373568, 112.310870 
0.882500, 97.133311, 96.483440, 112.373566, 112.310860 
0.885000, 97.133301, 96.483428, 112.373563, 112.310849 
0.887500, 97.133290, 96.483417, 112.373560, 112.310839 
0.890000, 97.133280, 96.483406, 112.373557, 112.310828 
0.892500, 97.133270, 96.483396, 112.373553, 112.310817 
0.895000, 97.133260, 96.483386, 112.373550, 112.310807 
0.897500, 97.133251, 96.483376, 112.373546, 112.310796 
0.900000, 97.133242, 96.483366, 112.373542, 112.310785 
0.902500, 97.133232, 96.483357, 112.373538, 112.310774 
0.905000, 97.133224, 96.483348, 112.373534, 112.310763 
0.907500, 97.133215, 96.483339, 112.373530, 112.310753 
0.910000, 97.133206, 96.483331, 112.373526, 112.310742 
0.912500, 97.133198, 96.483323, 112.373522, 112.310731 
0.915000, 97.133189, 96.483315, 112.373518, 112.310721 
0.917500, 97.133181, 96.483307, 112.373513, 112.310710 
0.920000, 97.133173, 96.483300, 112.373509, 112.310700 
0.922500, 97.133165, 96.483292, 112.373504, 112.310689 
0.925000, 97.133157, 96.483285, 112.373500, 112.310679 
0.927500, 97.133150, 96.483278, 112.373496, 112.310668 
0.930000, 97.133142, 96.483272, 112.373491, 112.310658 
0.932500, 97.133135, 96.483265, 112.373487, 112.310648 
0.935000, 97.133127, 96.483259, 112.373483, 112.310638 
0.937500, 97.133120, 96.483252, 112.373478, 112.310629 
0.940000, 97.133113, 96.483246, 112.373474, 112.310619 
0.942500, 97.133105, 96.483240, 112.373470, 112.310609 
0.945000, 97.133098, 96.483234, 112.373466, 112.310600 
0.947500, 97.133091, 96.483229, 112.373462, 112.310591 
0.950000, 97.133084, 96.483223, 112.373458, 112.310581 
0.952500, 97.133077, 96.483218, 112.373454, 112.310572 
0.955000, 97.133070, 96.483212, 112.373450, 112.310564 
0.957500, 97.133064, 96.483207, 112.373446, 112.310555 
0.960000, 97.133057, 96.483202, 112.373443, 112.310546 
0.962500, 97.133050, 96.483197, 112.373439, 112.310538 
0.965000, 97.133043, 96.483192, 112.373436, 112.310529 
0.967500, 97.133037, 96.483187, 112.373432, 112.310521 
0.970000, 97.133030, 96.483182, 112.373429, 112.310513 
0.972500, 97.133023, 96.483177, 112.373426, 112.310506 
0.975000, 97.133017, 96.483173, 112.373423, 112.310498 
0.977500, 97.133010, 96.483168, 112.373420, 112.310490 
0.980000, 97.133004, 96.483164, 112.373417, 112.310483 
0.982500, 97.132997, 96.483159, 112.373414, 112.310476 
0.985000, 97.132991, 96.483155, 112.373411, 112.310469 
0.987500, 97.132984, 96.483150, 112.373409, 112.310462 
0.990000, 97.132978, 96.483146, 112.373406, 112.310455 
0.992500, 97.132971, 96.483142, 112.373404, 112.310449 
0.995000, 97.132965, 96.483138, 112.373401, 112.310442 
0.997500, 97.132958, 96.483134, 112.373399, 112.310436 
1.000000, 97.132952, 96.483130, 112.373397, 112.310430 
1.002500, 97.132946, 96.483126, 112.373395, 112.310424 
1.005000, 97.132939, 96.483122, 112.373393, 112.310418 
1.007500, 97.132933, 96.483118, 112.373392, 112.310412 
1.010000, 97.132926, 96.483114, 112.373390, 112.310407 
1.012500, 97.132920, 96.483110, 112.373388, 112.310401 
1.015000, 97.132914, 96.483106, 112.373387, 112.310396 
1.017500, 97.132907, 96.483103, 112.373385, 112.310391 
1.020000, 97.132901, 96.483099, 112.373384, 112.310386 
1.022500, 97.132894, 96.483095, 112.373383, 112.310381 
1.025000, 97.132888, 96.483092, 112.373382, 112.310376 
1.027500, 97.132882, 96.483088, 112.373381, 112.310371 
1.030000, 97.132875, 96.483084, 112.373380, 112.310367 
1.032500, 97.132869, 96.483081, 112.373379, 112.310363 
1.035000, 97.132863, 96.483077, 112.373378, 112.310358 
1.037500, 97.132856, 96.483074, 112.373377, 112.310354 
1.040000, 97.132850, 96.483070, 112.373377, 112.310350 
1.042500, 97.132844, 96.483067, 112.373376, 112.310346 
1.045000, 97.132837, 96.483064, 112.373376, 112.310342 
1.047500, 97.132831, 96.483060, 112.373376, 112.310339 
1.050000, 97.132825, 96.483057, 112.373375, 112.310335 
1.052500, 97.132819, 96.483054, 112.373375, 112.310332 
1.055000, 97.132812, 96.483050, 112.373375, 112.310328 
1.057500, 97.132806, 96.483047, 112.373375, 112.310325 
1.060000, 97.132800, 96.483044, 112.373375, 112.310322 
1.062500, 97.132793, 96.483041, 112.373375, 112.310319 
1.065000, 97.132787, 96.483038, 112.373375, 112.310316 
1.067500, 97.132781, 96.483034, 112.373376, 112.310313 
1.070000, 97.132774, 96.483031, 112.373376, 112.310310 
1.072500, 97.132768, 96.483028, 112.373376, 112.310308 
1.075000, 97.132762, 96.483025, 112.373377, 112.310305 
1.077500, 97.132756, 96.483022, 112.373377, 112.310303 
1.080000, 97.132749, 96.483019, 112.373378, 112.310300 
1.082500, 97.132743, 96.483016, 112.373378, 112.310298 
1.085000, 97.132737, 96.483013, 112.373379, 112.310296 
1.087500, 97.132731, 96.483010, 112.373380, 112.310294 
1.090000, 97.132724, 96.483007, 112.373381, 112.310292 
1.092500, 97.132718, 96.483004, 112.373382, 112.310290 
1.095000, 97.132712, 96.483002, 112.373382, 112.310288 
1.097500, 97.132706, 96.482999, 112.373383, 112.310286 
1.100000, 97.132700, 96.482996, 112.373384, 112.310284 
1.102500, 97.132693, 96.482993, 112.373386, 112.310282 
1.105000, 97.132687, 96.482990, 112.373387, 112.310281 
1.107500, 97.132681, 96.482988, 112.373388, 112.310279 
1.110000, 97.132675, 96.482985, 112.373389, 112.310278 
1.112500, 97.132669, 96.482982, 112.373390, 112.310276 
1.115000, 97.132663, 96.482979, 112.373392, 112.310275 
1.117500, 97.132656, 96.482977, 112.373393, 112.310274 
1.120000, 97.132650, 96.482974, 112.373394, 112.310272 
1.122500, 97.132644, 96.482972, 112.373396, 112.310271 
1.125000, 97.132638, 96.482969, 112.373397, 112.310270 
1.127500, 97.132632, 96.482966, 112.373399, 112.310269 
1.130000, 97.132626, 96.482964, 112.373400, 112.310268 
1.132500, 97.132620, 96.482961, 112.373402, 112.310267 
1.135000, 97.132614, 96.482959, 112.373404, 112.310266 
1.137500, 97.132607, 96.482956, 112.373405, 112.310265 
1.140000, 97.132601, 96.482954, 112.373407, 112.310265 
1.142500, 97.132595, 96.482951, 112.373409, 112.310264 
1.145000, 97.132589, 96.482949, 112.373411, 112.310263 
1.147500, 97.132583, 96.482946, 112.373412, 112.310263 
1.150000, 97.132577, 96.482944, 112.373414, 112.310262 
1.152500, 97.132571, 96.482942, 112.373416, 112.310262 
1.155000, 97.132565, 96.482939, 112.373418, 112.310261 
1.157500, 97.132559, 96.482937, 112.373420, 112.310261 
1.160000, 97.132553, 96.482934, 112.373422, 112.310260 
1.162500, 97.132547, 96.482932, 112.373424, 112.310260 
1.165000, 97.132541, 96.482930, 112.373426, 112.310260 
1.167500, 97.132535, 96.482928, 112.373428, 112.310259 
1.170000, 97.132529, 96.482925, 112.373430, 112.310259 
1.172500, 97.132523, 96.482923, 112.373433, 112.310259 
1.175000, 97.132517, 96.482921, 112.373435, 112.310259 
1.177500, 97.132511, 96.482919, 112.373437, 112.310259 
1.180000, 97.132505, 96.482916, 112.373439, 112.310259 
1.182500, 97.132499, 96.482914, 112.373441, 112.310259 
1.185000, 97.132493, 96.482912, 112.373444, 112.310259 
1.187500, 97.132487, 96.482910, 112.373446, 112.310259 
1.190000, 97.132481, 96.482908, 112.373448, 112.310259 
1.192500, 97.132476, 96.482906, 112.373451, 112.310259 
1.195000, 97.132470, 96.482903, 112.373453, 112.310259 
1.197500, 97.132464, 96.482901, 112.373455, 112.310260 
1.200000, 97.132458, 96.482899, 112.373458, 112.310260 
1.202500, 97.132452, 96.482897, 112.373460, 112.310260 
1.205000, 97.132446, 96.482895, 112.373463, 112.310260 
1.207500, 97.132440, 96.482893, 112.373465, 112.310261 
1.210000, 97.132434, 96.482891, 112.373468, 112.310261 
1.212500, 97.132429, 96.482889, 112.373470, 112.310262 
1.215000, 97.132423, 96.482887, 112.373473, 112.310262 
1.217500, 97.132417, 96.482885, 112.373475, 112.310262 
1.220000, 97.132411, 96.482883, 112.373478, 112.310263 
1.222500, 97.132405, 96.482881, 112.373481, 112.310263 
1.225000, 97.132400, 96.482879, 112.373483, 112.310264 
1.227500, 97.132394, 96.482877, 112.373486, 112.310265 
1.230000, 97.132388, 96.482875, 112.373489, 112.310265 
1.232500, 97.132382, 96.482873, 112.373491, 112.310266 
1.235000, 97.132376, 96.482872, 112.373494, 112.310267 
1.237500, 97.132371, 96.482870, 112.373497, 112.310267 
1.240000, 97.132365, 96.482868, 112.373499, 112.310268 
1.242500, 97.132359, 96.482866, 112.373502, 112.310269 
1.245000, 97.132353, 96.482864, 112.373505, 112.310270 
1.247500, 97.132348, 96.482862, 112.373508, 112.310270 
1.250000, 97.132342, 96.482860, 112.373511, 112.310271 
1.252500, 97.132336, 96.482859, 112.373513, 112.310272 
1.255000, 97.132330, 96.482857, 112.373516, 112.310273 
1.257500, 97.132325, 96.482855, 112.373519, 112.310274 
1.260000, 97.132319, 96.482853, 112.373522, 112.310275 
1.262500, 97.132313, 96.482851, 112.373525, 112.310276 
1.265000, 97.132308, 96.482850, 112.373528, 112.310277 
1.267500, 97.132302, 96.482848, 112.373531, 112.310278 
1.270000, 97.132296, 96.482846, 112.373534, 112.310279 
1.272500, 97.132291, 96.482844, 112.373536, 112.310280 
1.275000, 97.132285, 96.482843, 112.373539, 112.310281 
1.277500, 97.132279, 96.482841, 112.373542, 112.310282 
1.280000, 97.132274, 96.482839, 112.373545, 112.310283 
1.282500, 97.132268, 96.482838, 112.373548, 112.310284 
1.285000, 97.132263, 96.482836, 112.373551, 112.310285 
1.287500, 97.132257, 96.482834, 112.373554, 112.310286 
1.290000, 97.132251, 96.482833, 112.373557, 112.310287 
1.292500, 97.132246, 96.482831, 112.373560, 112.310288 
1.295000, 97.132240, 96.482829, 112.373563, 112.310290 
1.297500, 97.132234, 96.482828, 112.373566, 112.310291 
1.300000, 97.132229, 96.482826, 112.373570, 112.310292 
1.302500, 97.132223, 96.482824, 112.373573, 112.310293 
1.305000, 97.132218, 96.482823, 112.373576, 112.310294 
1.307500, 97.132212, 96.482821, 112.373579, 112.310296 
1.310000, 97.132207, 96.482820, 112.373582, 112.310297 
1.312500, 97.132201, 96.482818, 112.373585, 112.310298 
1.315000, 97.132196, 96.482816, 112.373588, 112.310300 
1.317500, 97.132190, 96.482815, 112.373591, 112.310301 
1.320000, 97.132184, 96.482813, 112.373594, 112.310302 
1.322500, 97.132179, 96.482812, 112.373598, 112.310304 
1.325000, 97.132173, 96.482810, 112.373601, 112.310305 
1.327500, 97.132168, 96.482809, 112.373604, 112.310306 
1.330000, 97.132162, 96.482807, 112.373607, 112.310308 
1.332500, 97.132157, 96.482806, 112.373610, 112.310309 
1.335000, 97.132151, 96.482804, 112.373613, 112.310311 
1.337500, 97.132146, 96.482803, 112.373617, 112.310312 
1.340000, 97.132140, 96.482801, 112.373620, 112.310314 
1.342500, 97.132135, 96.482800, 112.373623, 112.310315 
1.345000, 97.132129, 96.482798, 112.373626, 112.310317 
1.347500, 97.132124, 96.482797, 112.373630, 112.310318 
1.350000, 97.132118, 96.482795, 112.373633, 112.310320 
1.352500, 97.132113, 96.482794, 112.373636, 112.310321 
1.355000, 97.132108, 96.482792, 112.373639, 112.310323 
1.357500, 97.132102, 96.482791, 112.373643, 112.310324 
1.360000, 97.132097, 96.482789, 112.373646, 112.310326 
1.362500, 97.132091, 96.482788, 112.373649, 112.310327 
1.365000, 97.132086, 96.482786, 112.373652, 112.310329 
1.367500, 97.132080, 96.482785, 112.373656, 112.310330 
1.370000, 97.132075, 96.482783, 112.373659, 112.310332 
1.372500, 97.132070, 96.482782, 112.373662, 112.310334 
1.375000, 97.132064, 96.482781, 112.373666, 112.310335 
1.377500, 97.132059, 96.482779, 112.373669, 112.310337 
1.380000, 97.132053, 96.482778, 112.373672, 112.310338 
1.382500, 97.132048, 96.482776, 112.373675, 112.310340 
1.385000, 97.132043, 96.482775, 112.373679, 112.310342 
1.387500, 97.132037, 96.482774, 112.373682, 112.310343 
1.390000, 97.132032, 96.482772, 112.373685, 112.310345 
1.392500, 97.132027, 96.482771, 112.373689, 112.310347 
1.395000, 97.132021, 96.482769, 112.373692, 112.310348 
1.397500, 97.132016, 96.482768, 112.373695, 112.310350 
1.400000, 97.132010, 96.482767, 112.373699, 112.310352 
1.402500, 97.132005, 96.482765, 112.373702, 112.310353 
1.405000, 97.132000, 96.482764, 112.373706, 112.310355 
1.407500, 97.131994, 96.482763, 112.373709, 112.310357 
1.410000, 97.131989, 96.482761, 112.373712, 112.310359 
1.412500, 97.131984, 96.482760, 112.373716, 112.310360 
1.415000, 97.131978, 96.482759, 112.373719, 112.310362 
1.417500, 97.131973, 96.482757, 112.373722, 112.310364 
1.420000, 97.131968, 96.482756, 112.373726, 112.310366 
1.422500, 97.131963, 96.482755, 112.373729, 112.310367 
1.425000, 97.131957, 96.482753, 112.373733, 112.310369 
1.427500, 97.131952, 96.482752, 112.373736, 112.310371 
1.430000, 97.131947, 96.482751, 112.373739, 112.310373 
1.432500, 97.131941, 96.482749, 112.373743, 112.310374 
1.435000, 97.131936, 96.482748, 112.373746, 112.310376 
1.437500, 97.131931, 96.482747, 112.373750, 112.310378 
1.440000, 97.131926, 96.482746, 112.373753, 112.310380 
1.442500, 97.131920, 96.482744, 112.373756, 112.310382 
1.445000, 97.131915, 96.482743, 112.373760, 112.310383 
1.447500, 97.131910, 96.482742, 112.373763, 112.310385 
1.450000, 97.131905, 96.482740, 112.373767, 112.310387 
1.452500, 97.131899, 96.482739, 112.373770, 112.310389 
1.455000, 97.131894, 96.482738, 112.373773, 112.310391 
1.457500, 97.131889, 96.482737, 112.373777, 112.310393 
1.460000, 97.131884, 96.482735, 112.373780, 112.310394 
1.462500, 97.131878, 96.482734, 112.373784, 112.310396 
1.465000, 97.131873, 96.482733, 112.373787, 112.310398 
1.467500, 97.131868, 96.482732, 112.373791, 112.310400 
1.470000, 97.131863, 96.482730, 112.373794, 112.310402 
1.472500, 97.131858, 96.482729, 112.373797, 112.310404 
1.475000, 97.131852, 96.482728, 112.373801, 112.310406 
1.477500, 97.131847, 96.482727, 112.373804, 112.310407 
1.480000, 97.131842, 96.482725, 112.373808, 112.310409 
1.482500, 97.131837, 96.482724, 112.373811, 112.310411 
1.485000, 97.131832, 96.482723, 112.373815, 112.310413 
1.487500, 97.131827, 96.482722, 112.373818, 112.310415 
1.490000, 97.131821, 96.482721, 112.373821, 112.310417 
1.492500, 97.131816, 96.482719, 112.373825, 112.310419 
1.495000, 97.131811, 96.482718, 112.373828, 112.310421 
1.497500, 97.131806, 96.482717, 112.373832, 112.310422 
1.500000, 97.131801, 96.482716, 112.373835, 112.310424 
1.502500, 96.801328, 96.151958, 111.956207, 111.893076 
1.505000, 96.142914, 95.492872, 111.129090, 111.066601 
1.507500, 95.252556, 94.605512, 110.284658, 110.222627 
1.510000, 93.778153, 93.133294, 108.990508, 108.927135 
1.512500, 92.313684, 91.670666, 107.526225, 107.463082 
1.515000, 90.870877, 90.229324, 106.084635, 106.021815 
1.517500, 89.458115, 88.817723, 104.662910, 104.600496 
1.520000, 88.076406, 87.436930, 103.260465, 103.198543 
1.522500, 86.723380, 86.084610, 101.877436, 101.816092 
1.525000, 85.397817, 84.759559, 100.513809, 100.453130 
1.527500, 84.100179, 83.462255, 99.169878, 99.109954 
1.530000, 82.831582, 82.193820, 97.846511, 97.787430 
1.532500, 81.593246, 80.955478, 96.545000, 96.486853 
1.535000, 80.386480, 79.748538, 95.266857, 95.209735 
1.537500, 79.212725, 78.574439, 94.013711, 93.957705 
1.540000, 78.073505, 77.434702, 92.787259, 92.732463 
1.542500, 76.970350, 76.330855, 91.589229, 91.535740 
1.545000, 75.904748, 75.264382, 90.421340, 90.369255 
1.547500, 74.878112, 74.236697, 89.285267, 89.234687 
1.550000, 73.891769, 73.249124, 88.182615, 88.133647 
1.552500, 72.946931, 72.302878, 87.114908, 87.067659 
1.555000, 72.044694, 71.399053, 86.083565, 86.038148 
1.557500, 71.186016, 70.538614, 85.089899, 85.046429 
1.560000, 70.371723, 69.722387, 84.135105, 84.093702 
1.562500, 69.602497, 68.951059, 83.220256, 83.181041 
1.565000, 68.878878, 68.225176, 82.346300, 82.309396 
1.567500, 68.201266, 67.545140, 81.514059, 81.479593 
1.570000, 67.569919, 66.911217, 80.724230, 80.692327 
1.572500, 66.984960, 66.323534, 79.977383, 79.948170 
1.575000, 66.446377, 65.782087, 79.273966, 79.247570 
1.577500, 65.954031, 65.286742, 78.614307, 78.590855 
1.580000, 65.507659, 64.837244, 77.998618, 77.978235 
1.582500, 65.106881, 64.433220, 77.426995, 77.409808 
1.585000, 64.751207, 64.074186, 76.899429, 76.885560 
1.587500, 64.436195, 64.342254, 76.421924, 76.410548 
1.590000, 64.163288, 64.097490, 75.980887, 75.968288 
1.592500, 63.936165, 63.905288, 75.580147, 75.563727 
1.595000, 63.752682, 63.754966, 75.222535, 75.200774 
1.597500, 63.608598, 63.641633, 74.908585, 74.880362 
1.600000, 63.502276, 63.564083, 74.637343, 74.601787 
1.602500, 63.433484, 63.522440, 74.407812, 74.364208 
1.605000, 63.409204, 63.522176, 74.627712, 74.588265 
1.607500, 63.420549, 63.557713, 74.493112, 74.447757 
1.610000, 63.465049, 63.625760, 74.397152, 74.343057 
1.612500, 63.542382, 63.725721, 74.335146, 74.271396 
1.615000, 63.652417, 63.857380, 74.306410, 74.232392 
1.617500, 63.794126, 64.019647, 74.310877, 74.226015 
1.620000, 63.966178, 64.211170, 74.348271, 74.252008 
1.622500, 64.167324, 64.430715, 74.418079, 74.309894 
1.625000, 64.396360, 64.677127, 74.519658, 74.399082 
1.627500, 64.652031, 64.949229, 74.652279, 74.518903 
1.630000, 64.933034, 65.245812, 74.815136, 74.668618 
1.632500, 65.238051, 65.565659, 75.007360, 74.847413 
1.635000, 65.565771, 65.907553, 75.228031, 75.054417 
1.637500, 65.914898, 66.270286, 75.476199, 75.288714 
1.640000, 66.284154, 66.652648, 75.750894, 75.549350 
1.642500, 66.672289, 67.053438, 76.051131, 75.835341 
1.645000, 67.078079, 67.471468, 76.375921, 76.145685 
1.647500, 67.500337, 67.905561, 76.724271, 76.479365 
1.650000, 67.937907, 68.354565, 77.095188, 76.835357 
1.652500, 68.389671, 68.817350, 77.487686, 77.212640 
1.655000, 68.854545, 69.292813, 77.900779, 77.610197 
1.657500, 69.331482, 69.779887, 78.333494, 78.027023 
1.660000, 69.819468, 70.277537, 78.784864, 78.462127 
1.662500, 70.773613, 70.779014, 79.256950, 78.918720 
1.665000, 71.337229, 71.286281, 79.738427, 79.384951 
1.667500, 71.911610, 71.802691, 80.233568, 79.864848 
1.670000, 72.485836, 72.326201, 80.743467, 80.359257 
1.672500, 73.057584, 72.854235, 81.267466, 80.867430 
1.675000, 73.627440, 73.386030, 81.804450, 81.388249 
1.677500, 74.196395, 73.921409, 82.353524, 81.920886 
1.680000, 74.764899, 74.459946, 82.913923, 82.464692 
1.682500, 75.333011, 75.001053, 83.484856, 83.019011 
1.685000, 75.900679, 75.544207, 84.065507, 83.583164 
1.687500, 76.467817, 76.088955, 84.655089, 84.156479 
1.690000, 77.034281, 76.634867, 85.252860, 84.738299 
1.692500, 77.599879, 77.181504, 85.858118, 85.327971 
1.695000, 78.164398, 77.728433, 86.470201, 85.924842 
1.697500, 78.727623, 78.275230, 87.088483, 86.528266 
1.700000, 79.289339, 78.821485, 87.712369, 87.137606 
1.702500, 79.849337, 79.366805, 88.341300, 87.752239 
1.705000, 80.407411, 79.910816, 88.974737, 88.371560 
1.707500, 80.963362, 80.453168, 89.612164, 88.994990 
1.710000, 81.516997, 80.993540, 90.253081, 89.621972 
1.712500, 82.068128, 81.531640, 90.897002, 90.251979 
1.715000, 82.616573, 82.067206, 91.543455, 90.884511 
1.717500, 83.162154, 82.600004, 92.191979, 91.519096 
1.720000, 83.704703, 83.129832, 92.842127, 92.155291 
1.722500, 84.244060, 83.656512, 93.493465, 92.792675 
1.725000, 84.780074, 84.179891, 94.145572, 93.430851 
1.727500, 85.312608, 84.699837, 94.798045, 94.069443 
1.730000, 85.841536, 85.216236, 95.450497, 94.708093 
1.732500, 86.366747, 85.728992, 96.102559, 95.346460 
1.735000, 87.627677, 86.238420, 96.762721, 95.988082 
1.737500, 88.196351, 86.755412, 98.228417, 96.610190 
1.740000, 88.784150, 87.272558, 98.936932, 97.228519 
1.742500, 89.363534, 87.788716, 99.631123, 97.846256 
1.745000, 89.926055, 88.297821, 100.307607, 98.463471 
1.747500, 90.464870, 89.508791, 100.973408, 99.083272 
1.750000, 90.981382, 90.079216, 101.611542, 99.688289 
1.752500, 91.499397, 90.653364, 102.219420, 101.036202 
