t, dist_ref, dist_hat 
0.000000, 0.000000, 68717.763525 
0.002500, 0.005000, -51.436098 
0.005000, 0.010000, 1.633847 
0.007500, 0.015000, -19.049440 
0.010000, 0.020000, -6.498547 
0.012500, 0.024999, 15.288005 
0.015000, 0.029999, 7.723668 
0.017500, 0.034998, -3.475653 
0.020000, 0.039997, -12.984902 
0.022500, 0.044996, -8.183414 
0.025000, 0.049995, 2.598297 
0.027500, 0.054993, 6.514047 
0.030000, 0.059991, 0.875002 
0.032500, 0.064989, -6.851209 
0.035000, 0.069986, -7.811377 
0.037500, 0.074982, -1.771343 
0.040000, 0.079979, 3.532451 
0.042500, 0.084974, 2.635579 
0.045000, 0.089970, -2.964703 
0.047500, 0.094964, -7.050152 
0.050000, 0.099958, -5.132047 
0.052500, 0.104952, 0.004405 
0.055000, 0.109945, 2.829985 
0.057500, 0.114937, 1.044177 
0.060000, 0.119928, -3.280272 
0.062500, 0.124919, -5.806876 
0.065000, 0.129908, -3.998914 
0.067500, 0.134898, -0.465296 
0.070000, 0.139886, 1.116490 
0.072500, 0.144873, 0.056641 
0.075000, 0.149859, -2.832789 
0.077500, 0.154845, -4.249949 
0.080000, 0.159829, -3.062620 
0.082500, 0.164813, -0.906676 
0.085000, 0.169795, -0.199514 
0.087500, 0.174777, -1.552523 
0.090000, 0.179757, -3.138679 
0.092500, 0.184736, -3.349745 
0.095000, 0.189714, -1.995549 
0.097500, 0.194691, -0.765835 
0.100000, 0.199667, -0.968498 
0.102500, 0.204641, -2.233437 
0.105000, 0.209614, -3.111518 
0.107500, 0.214586, -2.721007 
0.110000, 0.219557, -1.622383 
0.112500, 0.224526, -1.054410 
0.115000, 0.229493, -1.527674 
0.117500, 0.234460, -2.407241 
0.120000, 0.239424, -2.708201 
0.122500, 0.244388, -2.181853 
0.125000, 0.249349, -1.470790 
0.127500, 0.254310, -1.338702 
0.130000, 0.259268, -1.852005 
0.132500, 0.264225, -2.402380 
0.135000, 0.269181, -2.412483 
0.137500, 0.274134, -1.931584 
0.140000, 0.279086, -1.510070 
0.142500, 0.284036, -1.571866 
0.145000, 0.288985, -1.992664 
0.147500, 0.293931, -2.292589 
0.150000, 0.298876, -2.171953 
0.152500, 0.303819, -1.798125 
0.155000, 0.308760, -1.578755 
0.157500, 0.313699, -1.715711 
0.160000, 0.318636, -2.022781 
0.162500, 0.323572, -2.161751 
0.165000, 0.328505, -2.005679 
0.167500, 0.333436, -1.743496 
0.170000, 0.338365, -1.650279 
0.172500, 0.343292, -1.797208 
0.175000, 0.348216, -2.003188 
0.177500, 0.353139, -2.048245 
0.180000, 0.358059, -1.901060 
0.182500, 0.362977, -1.728496 
0.185000, 0.367893, -1.703577 
0.187500, 0.372807, -1.830049 
0.190000, 0.377718, -1.958494 
0.192500, 0.382627, -1.954820 
0.195000, 0.387533, -1.833397 
0.197500, 0.392437, -1.725218 
0.200000, 0.397339, -1.732777 
0.202500, 0.402238, -1.830704 
0.205000, 0.407134, -1.906143 
0.207500, 0.412028, -1.881821 
0.210000, 0.416920, -1.789032 
0.212500, 0.421809, -1.723718 
0.215000, 0.426695, -1.743351 
0.217500, 0.431578, -1.814272 
0.220000, 0.436459, -1.855774 
0.222500, 0.441337, -1.825660 
0.225000, 0.446213, -1.757546 
0.227500, 0.451085, -1.718739 
0.230000, 0.455955, -1.739794 
0.232500, 0.460822, -1.788653 
0.235000, 0.465686, -1.809550 
0.237500, 0.470547, -1.780667 
0.240000, 0.475405, -1.731625 
0.242500, 0.480260, -1.708406 
0.245000, 0.485113, -1.726370 
0.247500, 0.489962, -1.758784 
0.250000, 0.494808, -1.767868 
0.252500, 0.499651, -1.742968 
0.255000, 0.504491, -1.707793 
0.257500, 0.509328, -1.693321 
0.260000, 0.514161, -1.706827 
0.262500, 0.518991, -1.727572 
0.265000, 0.523819, -1.730176 
0.267500, 0.528642, -1.709740 
0.270000, 0.533463, -1.684207 
0.272500, 0.538280, -1.674375 
0.275000, 0.543094, -1.683499 
0.277500, 0.547904, -1.696194 
0.280000, 0.552711, -1.695400 
0.282500, 0.557515, -1.678963 
0.285000, 0.562315, -1.659981 
0.287500, 0.567111, -1.652479 
0.290000, 0.571904, -1.657888 
0.292500, 0.576694, -1.665133 
0.295000, 0.581480, -1.662650 
0.297500, 0.586262, -1.649462 
0.300000, 0.591040, -1.634883 
0.302500, 0.595815, -1.628477 
0.305000, 0.600586, -1.630955 
0.307500, 0.605354, -1.634522 
0.310000, 0.610117, -1.631240 
0.312500, 0.614877, -1.620539 
0.315000, 0.619633, -1.608912 
0.317500, 0.624385, -1.602973 
0.320000, 0.629133, -1.603228 
0.322500, 0.633877, -1.604297 
0.325000, 0.638618, -1.600645 
0.327500, 0.643354, -1.591785 
0.330000, 0.648086, -1.582151 
0.332500, 0.652814, -1.576389 
0.335000, 0.657538, -1.574999 
0.337500, 0.662258, -1.574346 
0.340000, 0.666974, -1.570516 
0.342500, 0.671686, -1.562987 
0.345000, 0.676393, -1.554720 
0.347500, 0.681097, -1.549017 
0.350000, 0.685796, -1.546430 
0.352500, 0.690490, -1.544563 
0.355000, 0.695181, -1.540623 
0.357500, 0.699867, -1.534037 
0.360000, 0.704548, -1.526724 
0.362500, 0.709226, -1.521047 
0.365000, 0.713899, -1.517595 
0.367500, 0.718567, -1.514850 
0.370000, 0.723231, -1.510812 
0.372500, 0.727890, -1.504882 
0.375000, 0.732545, -1.498249 
0.377500, 0.737195, -1.492599 
0.380000, 0.741841, -1.488531 
0.382500, 0.746482, -1.485134 
0.385000, 0.751118, -1.480986 
0.387500, 0.755750, -1.475501 
0.390000, 0.760377, -1.469359 
0.392500, 0.764999, -1.463752 
0.395000, 0.769616, -1.459249 
0.397500, 0.774229, -1.455358 
0.400000, 0.778837, -1.451085 
0.402500, 0.783440, -1.445888 
0.405000, 0.788038, -1.440105 
0.407500, 0.792631, -1.434555 
0.410000, 0.797219, -1.429752 
0.412500, 0.801802, -1.425480 
0.415000, 0.806380, -1.421070 
0.417500, 0.810953, -1.416045 
0.420000, 0.815521, -1.410521 
0.422500, 0.820084, -1.405039 
0.425000, 0.824642, -1.400034 
0.427500, 0.829194, -1.395468 
0.430000, 0.833742, -1.390914 
0.432500, 0.838284, -1.385976 
0.435000, 0.842821, -1.380636 
0.437500, 0.847353, -1.375223 
0.440000, 0.851879, -1.370091 
0.442500, 0.856400, -1.365299 
0.445000, 0.860916, -1.360600 
0.447500, 0.865426, -1.355688 
0.450000, 0.869931, -1.350469 
0.452500, 0.874431, -1.345123 
0.455000, 0.878925, -1.339914 
0.457500, 0.883413, -1.334952 
0.460000, 0.887896, -1.330116 
0.462500, 0.892374, -1.325185 
0.465000, 0.896846, -1.320037 
0.467500, 0.901312, -1.314748 
0.470000, 0.905773, -1.309499 
0.472500, 0.910228, -1.304412 
0.475000, 0.914677, -1.299451 
0.477500, 0.919120, -1.294471 
0.480000, 0.923558, -1.289354 
0.482500, 0.927990, -1.284106 
0.485000, 0.932417, -1.278839 
0.487500, 0.936837, -1.273663 
0.490000, 0.941252, -1.268594 
0.492500, 0.945660, -1.263549 
0.495000, 0.950063, -1.258429 
0.497500, 0.954460, -1.253205 
0.500000, 0.958851, -1.247932 
0.502500, 0.963236, -1.242696 
0.505000, 0.967615, -1.237536 
0.507500, 0.971988, -1.232419 
0.510000, 0.976354, -1.227272 
0.512500, 0.980715, -1.222052 
0.515000, 0.985070, -1.216776 
0.517500, 0.989418, -1.211498 
0.520000, 0.993760, -1.206267 
0.522500, 0.998096, -1.201078 
0.525000, 1.002426, -1.195888 
0.527500, 1.006749, -1.190655 
0.530000, 1.011067, -1.185370 
0.532500, 1.015378, -1.180065 
0.535000, 1.019682, -1.174777 
0.537500, 1.023980, -1.169521 
0.540000, 1.028272, -1.164279 
0.542500, 1.032557, -1.159018 
0.545000, 1.036836, -1.153718 
0.547500, 1.041109, -1.148389 
0.550000, 1.045374, -1.143057 
0.552500, 1.049634, -1.137744 
0.555000, 1.053887, -1.132447 
0.557500, 1.058133, -1.127146 
0.560000, 1.062372, -1.121821 
0.562500, 1.066605, -1.116468 
0.565000, 1.070832, -1.111101 
0.567500, 1.075051, -1.105739 
0.570000, 1.079264, -1.100388 
0.572500, 1.083470, -1.095041 
0.575000, 1.087670, -1.089682 
0.577500, 1.091862, -1.084302 
0.580000, 1.096048, -1.078903 
0.582500, 1.100227, -1.073498 
0.585000, 1.104399, -1.068098 
0.587500, 1.108564, -1.062702 
0.590000, 1.112722, -1.057303 
0.592500, 1.116873, -1.051889 
0.595000, 1.121018, -1.046459 
0.597500, 1.125155, -1.041017 
0.600000, 1.129285, -1.035572 
0.602500, 1.133408, -1.030128 
0.605000, 1.137524, -1.024684 
0.607500, 1.141633, -1.019232 
0.610000, 1.145735, -1.013767 
0.612500, 1.149830, -1.008289 
0.615000, 1.153917, -1.002803 
0.617500, 1.157997, -0.997314 
0.620000, 1.162070, -0.991824 
0.622500, 1.166136, -0.986330 
0.625000, 1.170195, -0.980827 
0.627500, 1.174246, -0.975313 
0.630000, 1.178290, -0.969787 
0.632500, 1.182326, -0.964256 
0.635000, 1.186355, -0.958720 
0.637500, 1.190377, -0.953182 
0.640000, 1.194391, -0.947637 
0.642500, 1.198398, -0.942084 
0.645000, 1.202397, -0.936520 
0.647500, 1.206389, -0.930947 
0.650000, 1.210373, -0.925368 
0.652500, 1.214349, -0.919785 
0.655000, 1.218318, -0.914197 
0.657500, 1.222280, -0.908602 
0.660000, 1.226234, -0.902998 
0.662500, 1.230180, -0.897384 
0.665000, 1.234118, -0.891763 
0.667500, 1.238049, -0.886136 
0.670000, 1.241972, -0.880503 
0.672500, 1.245887, -0.874864 
0.675000, 1.249795, -0.869218 
0.677500, 1.253694, -0.863563 
0.680000, 1.257586, -0.857900 
0.682500, 1.261470, -0.852229 
0.685000, 1.265346, -0.846552 
0.687500, 1.269214, -0.840868 
0.690000, 1.273074, -0.835178 
0.692500, 1.276927, -0.829481 
0.695000, 1.280771, -0.823775 
0.697500, 1.284607, -0.818061 
0.700000, 1.288435, -0.812339 
0.702500, 1.292256, -0.806611 
0.705000, 1.296068, -0.800876 
0.707500, 1.299872, -0.795134 
0.710000, 1.303668, -0.789385 
0.712500, 1.307455, -0.783627 
0.715000, 1.311235, -0.777861 
0.717500, 1.315006, -0.772088 
0.720000, 1.318769, -0.766307 
0.722500, 1.322524, -0.760520 
0.725000, 1.326271, -0.754725 
0.727500, 1.330009, -0.748923 
0.730000, 1.333739, -0.743113 
0.732500, 1.337461, -0.737294 
0.735000, 1.341174, -0.731468 
0.737500, 1.344879, -0.725635 
0.740000, 1.348576, -0.719794 
0.742500, 1.352264, -0.713946 
0.745000, 1.355944, -0.708090 
0.747500, 1.359615, -0.702226 
0.750000, 1.363278, -0.696354 
0.752500, 1.366932, -0.690474 
0.755000, 1.370577, -0.684587 
0.757500, 1.374214, -0.678692 
0.760000, 1.377843, -0.672789 
0.762500, 1.381463, -0.666879 
0.765000, 1.385074, -0.660960 
0.767500, 1.388677, -0.655034 
0.770000, 1.392270, -0.649099 
0.772500, 1.395856, -0.643157 
0.775000, 1.399432, -0.637207 
0.777500, 1.403000, -0.631249 
0.780000, 1.406559, -0.625283 
0.782500, 1.410109, -0.619309 
0.785000, 1.413650, -0.613327 
0.787500, 1.417183, -0.607337 
0.790000, 1.420707, -0.601339 
0.792500, 1.424221, -0.595333 
0.795000, 1.427727, -0.589319 
0.797500, 1.431224, -0.583297 
0.800000, 1.434712, -0.577266 
0.802500, 1.438191, -0.571228 
0.805000, 1.441661, -0.565181 
0.807500, 1.445122, -0.559126 
0.810000, 1.448574, -0.553063 
0.812500, 1.452017, -0.546991 
0.815000, 1.455451, -0.540912 
0.817500, 1.458876, -0.534824 
0.820000, 1.462292, -0.528728 
0.822500, 1.465698, -0.522624 
0.825000, 1.469096, -0.516511 
0.827500, 1.472484, -0.510390 
0.830000, 1.475863, -0.504260 
0.832500, 1.479233, -0.498123 
0.835000, 1.482593, -0.491977 
0.837500, 1.485944, -0.485822 
0.840000, 1.489286, -0.479659 
0.842500, 1.492619, -0.473488 
0.845000, 1.495942, -0.467308 
0.847500, 1.499256, -0.461119 
0.850000, 1.502561, -0.454923 
0.852500, 1.505856, -0.448717 
0.855000, 1.509142, -0.442503 
0.857500, 1.512418, -0.436281 
0.860000, 1.515685, -0.430050 
0.862500, 1.518943, -0.423810 
0.865000, 1.522191, -0.417562 
0.867500, 1.525429, -0.411305 
0.870000, 1.528658, -0.405040 
0.872500, 1.531877, -0.398766 
0.875000, 1.535087, -0.392483 
0.877500, 1.538287, -0.386191 
0.880000, 1.541478, -0.379891 
0.882500, 1.544659, -0.373582 
0.885000, 1.547830, -0.367264 
0.887500, 1.550992, -0.360938 
0.890000, 1.554143, -0.354603 
0.892500, 1.557286, -0.348259 
0.895000, 1.560418, -0.341906 
0.897500, 1.563541, -0.335544 
0.900000, 1.566654, -0.329174 
0.902500, 1.569757, -0.322794 
0.905000, 1.572850, -0.316406 
0.907500, 1.575934, -0.310009 
0.910000, 1.579007, -0.303603 
0.912500, 1.582071, -0.297188 
0.915000, 1.585125, -0.290764 
0.917500, 1.588169, -0.284331 
0.920000, 1.591203, -0.277890 
0.922500, 1.594227, -0.271439 
0.925000, 1.597242, -0.264979 
0.927500, 1.600246, -0.258511 
0.930000, 1.603240, -0.252033 
0.932500, 1.606224, -0.245546 
0.935000, 1.609198, -0.239050 
0.937500, 1.612162, -0.232546 
0.940000, 1.615116, -0.226032 
0.942500, 1.618060, -0.219509 
0.945000, 1.620994, -0.212977 
0.947500, 1.623918, -0.206436 
0.950000, 1.626831, -0.199886 
0.952500, 1.629734, -0.193327 
0.955000, 1.632627, -0.186758 
0.957500, 1.635510, -0.180181 
0.960000, 1.638383, -0.173594 
0.962500, 1.641246, -0.166998 
0.965000, 1.644098, -0.160393 
0.967500, 1.646940, -0.153779 
0.970000, 1.649771, -0.147156 
0.972500, 1.652593, -0.140524 
0.975000, 1.655404, -0.133882 
0.977500, 1.658204, -0.127231 
0.980000, 1.660995, -0.120571 
0.982500, 1.663775, -0.113902 
0.985000, 1.666544, -0.107224 
0.987500, 1.669303, -0.100536 
0.990000, 1.672052, -0.093840 
0.992500, 1.674790, -0.087134 
0.995000, 1.677518, -0.080418 
0.997500, 1.680235, -0.073694 
1.000000, 1.682942, -0.066960 
1.002500, 1.685638, -0.060217 
1.005000, 1.688324, -0.053465 
1.007500, 1.690999, -0.046704 
1.010000, 1.693664, -0.039933 
1.012500, 1.696318, -0.033154 
1.015000, 1.698961, -0.026365 
1.017500, 1.701594, -0.019566 
1.020000, 1.704216, -0.012759 
1.022500, 1.706828, -0.005942 
1.025000, 1.709428, 0.000884 
1.027500, 1.712019, 0.007719 
1.030000, 1.714598, 0.014563 
1.032500, 1.717167, 0.021417 
1.035000, 1.719725, 0.028279 
1.037500, 1.722272, 0.035151 
1.040000, 1.724808, 0.042032 
1.042500, 1.727334, 0.048923 
1.045000, 1.729849, 0.055822 
1.047500, 1.732353, 0.062731 
1.050000, 1.734846, 0.069649 
1.052500, 1.737329, 0.076576 
1.055000, 1.739800, 0.083512 
1.057500, 1.742261, 0.090457 
1.060000, 1.744711, 0.097411 
1.062500, 1.747150, 0.104375 
1.065000, 1.749578, 0.111347 
1.067500, 1.751995, 0.118329 
1.070000, 1.754401, 0.125320 
1.072500, 1.756796, 0.132319 
1.075000, 1.759180, 0.139328 
1.077500, 1.761553, 0.146346 
1.080000, 1.763916, 0.153373 
1.082500, 1.766267, 0.160409 
1.085000, 1.768607, 0.167454 
1.087500, 1.770936, 0.174507 
1.090000, 1.773254, 0.181570 
1.092500, 1.775561, 0.188642 
1.095000, 1.777856, 0.195722 
1.097500, 1.780141, 0.202812 
1.100000, 1.782415, 0.209910 
1.102500, 1.784677, 0.217017 
1.105000, 1.786928, 0.224133 
1.107500, 1.789168, 0.231257 
1.110000, 1.791397, 0.238391 
1.112500, 1.793615, 0.245533 
1.115000, 1.795822, 0.252684 
1.117500, 1.798017, 0.259843 
1.120000, 1.800201, 0.267011 
1.122500, 1.802374, 0.274188 
1.125000, 1.804535, 0.281373 
1.127500, 1.806685, 0.288567 
1.130000, 1.808824, 0.295769 
1.132500, 1.810952, 0.302980 
1.135000, 1.813068, 0.310199 
1.137500, 1.815173, 0.317427 
1.140000, 1.817267, 0.324663 
1.142500, 1.819349, 0.331908 
1.145000, 1.821420, 0.339160 
1.147500, 1.823480, 0.346421 
1.150000, 1.825528, 0.353690 
1.152500, 1.827565, 0.360968 
1.155000, 1.829590, 0.368253 
1.157500, 1.831604, 0.375547 
1.160000, 1.833606, 0.382848 
1.162500, 1.835597, 0.390158 
1.165000, 1.837577, 0.397476 
1.167500, 1.839545, 0.404801 
1.170000, 1.841501, 0.412135 
1.172500, 1.843446, 0.419476 
1.175000, 1.845380, 0.426825 
1.177500, 1.847302, 0.434182 
1.180000, 1.849212, 0.441546 
1.182500, 1.851111, 0.448918 
1.185000, 1.852998, 0.456298 
1.187500, 1.854874, 0.463685 
1.190000, 1.856738, 0.471079 
1.192500, 1.858590, 0.478481 
1.195000, 1.860431, 0.485890 
1.197500, 1.862261, 0.493307 
1.200000, 1.864078, 0.500731 
1.202500, 1.865884, 0.508161 
1.205000, 1.867678, 0.515599 
1.207500, 1.869461, 0.523044 
1.210000, 1.871232, 0.530496 
1.212500, 1.872991, 0.537955 
1.215000, 1.874739, 0.545421 
1.217500, 1.876475, 0.552894 
1.220000, 1.878199, 0.560373 
1.222500, 1.879911, 0.567859 
1.225000, 1.881612, 0.575351 
1.227500, 1.883301, 0.582850 
1.230000, 1.884978, 0.590355 
1.232500, 1.886643, 0.597867 
1.235000, 1.888296, 0.605385 
1.237500, 1.889938, 0.612909 
1.240000, 1.891568, 0.620439 
1.242500, 1.893186, 0.627975 
1.245000, 1.894792, 0.635518 
1.247500, 1.896387, 0.643066 
1.250000, 1.897969, 0.650620 
1.252500, 1.899540, 0.658179 
1.255000, 1.901099, 0.665744 
1.257500, 1.902646, 0.673315 
1.260000, 1.904181, 0.680891 
1.262500, 1.905704, 0.688473 
1.265000, 1.907215, 0.696060 
1.267500, 1.908714, 0.703652 
1.270000, 1.910202, 0.711249 
1.272500, 1.911677, 0.718851 
1.275000, 1.913141, 0.726458 
1.277500, 1.914592, 0.734070 
1.280000, 1.916032, 0.741686 
1.282500, 1.917459, 0.749307 
1.285000, 1.918875, 0.756933 
1.287500, 1.920279, 0.764563 
1.290000, 1.921670, 0.772197 
1.292500, 1.923050, 0.779836 
1.295000, 1.924417, 0.787479 
1.297500, 1.925773, 0.795125 
1.300000, 1.927116, 0.802776 
1.302500, 1.928448, 0.810430 
1.305000, 1.929767, 0.818088 
1.307500, 1.931075, 0.825750 
1.310000, 1.932370, 0.833415 
1.312500, 1.933653, 0.841084 
1.315000, 1.934924, 0.848756 
1.317500, 1.936183, 0.856431 
1.320000, 1.937430, 0.864108 
1.322500, 1.938665, 0.871789 
1.325000, 1.939888, 0.879473 
1.327500, 1.941098, 0.887159 
1.330000, 1.942297, 0.894848 
1.332500, 1.943483, 0.902539 
1.335000, 1.944657, 0.910233 
1.337500, 1.945819, 0.917929 
1.340000, 1.946969, 0.925626 
1.342500, 1.948107, 0.933326 
1.345000, 1.949232, 0.941028 
1.347500, 1.950346, 0.948731 
1.350000, 1.951447, 0.956436 
1.352500, 1.952536, 0.964142 
1.355000, 1.953612, 0.971849 
1.357500, 1.954677, 0.979558 
1.360000, 1.955729, 0.987268 
1.362500, 1.956769, 0.994978 
1.365000, 1.957797, 1.002690 
1.367500, 1.958813, 1.010402 
1.370000, 1.959816, 1.018114 
1.372500, 1.960807, 1.025827 
1.375000, 1.961786, 1.033540 
1.377500, 1.962753, 1.041253 
1.380000, 1.963707, 1.048966 
1.382500, 1.964649, 1.056679 
1.385000, 1.965579, 1.064391 
1.387500, 1.966496, 1.072103 
1.390000, 1.967402, 1.079815 
1.392500, 1.968295, 1.087525 
1.395000, 1.969175, 1.095235 
1.397500, 1.970043, 1.102943 
1.400000, 1.970899, 1.110650 
1.402500, 1.971743, 1.118356 
1.405000, 1.972574, 1.126061 
1.407500, 1.973394, 1.133763 
1.410000, 1.974200, 1.141464 
1.412500, 1.974995, 1.149163 
1.415000, 1.975777, 1.156860 
1.417500, 1.976546, 1.164554 
1.420000, 1.977304, 1.172246 
1.422500, 1.978048, 1.179935 
1.425000, 1.978781, 1.187622 
1.427500, 1.979501, 1.195305 
1.430000, 1.980209, 1.202986 
1.432500, 1.980905, 1.210663 
1.435000, 1.981588, 1.218337 
1.437500, 1.982258, 1.226007 
1.440000, 1.982917, 1.233674 
1.442500, 1.983563, 1.241336 
1.445000, 1.984196, 1.248995 
1.447500, 1.984817, 1.256649 
1.450000, 1.985426, 1.264299 
1.452500, 1.986022, 1.271944 
1.455000, 1.986606, 1.279585 
1.457500, 1.987178, 1.287220 
1.460000, 1.987737, 1.294851 
1.462500, 1.988283, 1.302477 
1.465000, 1.988818, 1.310096 
1.467500, 1.989339, 1.317711 
1.470000, 1.989849, 1.325320 
1.472500, 1.990346, 1.332922 
1.475000, 1.990830, 1.340519 
1.477500, 1.991302, 1.348109 
1.480000, 1.991762, 1.355693 
1.482500, 1.992209, 1.363271 
1.485000, 1.992644, 1.370841 
1.487500, 1.993066, 1.378405 
1.490000, 1.993476, 1.385961 
1.492500, 1.993873, 1.393510 
1.495000, 1.994258, 1.401052 
1.497500, 1.994630, 1.408586 
1.500000, 1.994990, 1.416112 
1.502500, 1.995337, 1.423630 
1.505000, 1.995672, 1.431140 
1.507500, 1.995995, 1.438642 
1.510000, 1.996305, 1.446135 
1.512500, 1.996603, 1.453619 
1.515000, 1.996888, 1.461094 
1.517500, 1.997160, 1.468561 
1.520000, 1.997420, 1.476018 
1.522500, 1.997668, 1.483465 
1.525000, 1.997903, 1.490903 
1.527500, 1.998126, 1.498331 
1.530000, 1.998336, 1.505749 
1.532500, 1.998534, 1.513157 
1.535000, 1.998719, 1.520555 
1.537500, 1.998891, 1.527942 
1.540000, 1.999052, 1.535318 
1.542500, 1.999199, 1.542640 
1.545000, 1.999335, 1.549045 
1.547500, 1.999457, 1.557102 
1.550000, 1.999568, 1.569727 
1.552500, 1.999665, 1.587800 
1.555000, 1.999750, 1.613051 
1.557500, 1.999823, 1.646203 
1.560000, 1.999883, 1.697053 
1.562500, 1.999931, 1.769834 
1.565000, 1.999966, 1.852476 
1.567500, 1.999989, 1.937375 
1.570000, 1.999999, 2.032332 
1.572500, 1.999997, 2.145254 
1.575000, 1.999982, 2.269689 
1.577500, 1.999955, 2.391536 
1.580000, 1.999915, 2.479150 
1.582500, 1.999863, 2.592225 
1.585000, 1.999798, 2.615518 
1.587500, 1.999721, 2.577306 
1.590000, 1.999631, 2.494742 
1.592500, 1.999529, 2.414386 
1.595000, 1.999414, 2.379263 
1.597500, 1.999287, 2.346817 
1.600000, 1.999147, 2.332068 
1.602500, 1.998995, 2.365363 
1.605000, 1.998830, 2.439984 
1.607500, 1.998653, 2.525102 
1.610000, 1.998463, 2.626580 
1.612500, 1.998261, 2.675295 
1.615000, 1.998046, 2.656182 
1.617500, 1.997819, 2.596004 
1.620000, 1.997579, 2.520751 
1.622500, 1.997327, 2.473936 
1.625000, 1.997063, 2.476654 
1.627500, 1.996786, 2.525861 
1.630000, 1.996496, 2.599195 
1.632500, 1.996194, 2.663293 
1.635000, 1.995879, 2.692979 
1.637500, 1.995552, 2.680711 
1.640000, 1.995213, 2.638752 
1.642500, 1.994861, 2.592177 
1.645000, 1.994496, 2.565852 
1.647500, 1.994119, 2.573271 
1.650000, 1.993730, 2.611225 
1.652500, 1.993328, 2.662699 
1.655000, 1.992914, 2.705928 
1.657500, 1.992487, 2.724789 
1.660000, 1.992048, 2.715762 
1.662500, 1.991596, 2.688474 
1.665000, 1.991132, 2.660136 
1.667500, 1.990656, 2.646965 
1.670000, 1.990167, 2.656778 
1.672500, 1.989665, 2.686099 
1.675000, 1.989151, 2.722729 
1.677500, 1.988625, 2.752122 
1.680000, 1.988086, 2.764317 
1.682500, 1.987535, 2.758150 
1.685000, 1.986972, 2.741046 
1.687500, 1.986396, 2.724853 
1.690000, 1.985807, 2.719978 
1.692500, 1.985206, 2.730678 
1.695000, 1.984593, 2.753613 
1.697500, 1.983968, 2.780038 
1.700000, 1.983330, 2.800324 
1.702500, 1.982679, 2.808505 
1.705000, 1.982016, 2.804744 
1.707500, 1.981341, 2.794736 
1.710000, 1.980654, 2.786590 
1.712500, 1.979954, 2.786844 
1.715000, 1.979241, 2.797554 
1.717500, 1.978517, 2.815710 
1.720000, 1.977780, 2.835074 
1.722500, 1.977030, 2.849361 
1.725000, 1.976268, 2.855188 
1.727500, 1.975494, 2.853403 
1.730000, 1.974708, 2.848337 
1.732500, 1.973909, 2.845478 
1.735000, 1.973098, 2.848801 
1.737500, 1.972274, 2.859031 
1.740000, 1.971438, 2.873578 
1.742500, 1.970590, 2.888030 
1.745000, 1.969730, 2.898385 
1.747500, 1.968857, 2.902899 
1.750000, 1.967972, 2.902715 
1.752500, 1.967075, 2.901081 
1.755000, 1.966165, 2.901644 
1.757500, 1.965243, 2.906690 
1.760000, 1.964309, 2.916180 
1.762500, 1.963362, 2.927966 
1.765000, 1.962403, 2.938982 
1.767500, 1.961432, 2.946777 
1.770000, 1.960449, 2.950622 
1.772500, 1.959453, 2.951713 
1.775000, 1.958446, 2.952442 
1.777500, 1.957426, 2.955157 
1.780000, 1.956393, 2.961048 
1.782500, 1.955349, 2.969680 
1.785000, 1.954292, 2.979334 
1.787500, 1.953223, 2.987938 
1.790000, 1.952142, 2.994083 
1.792500, 1.951048, 2.997645 
1.795000, 1.949943, 2.999734 
1.797500, 1.948825, 3.002057 
1.800000, 1.947695, 3.006053 
1.802500, 1.946553, 3.012222 
1.805000, 1.945399, 3.019964 
1.807500, 1.944232, 3.027960 
1.810000, 1.943054, 3.034868 
1.812500, 1.941863, 3.039970 
1.815000, 1.940660, 3.043470 
1.817500, 1.939445, 3.046312 
1.820000, 1.938218, 3.049667 
1.822500, 1.936979, 3.054345 
1.825000, 1.935728, 3.060431 
1.827500, 1.934464, 3.067307 
1.830000, 1.933189, 3.074010 
1.832500, 1.931901, 3.079729 
1.835000, 1.930602, 3.084187 
1.837500, 1.929290, 3.087732 
1.840000, 1.927966, 3.091114 
1.842500, 1.926630, 3.095085 
1.845000, 1.925282, 3.100031 
1.847500, 1.923922, 3.105814 
1.850000, 1.922550, 3.111883 
1.852500, 1.921166, 3.117579 
1.855000, 1.919770, 3.122469 
1.857500, 1.918363, 3.126539 
1.860000, 1.916943, 3.130164 
1.862500, 1.915511, 3.133896 
1.865000, 1.914067, 3.138170 
1.867500, 1.912611, 3.143102 
1.870000, 1.911143, 3.148458 
1.872500, 1.909663, 3.153801 
1.875000, 1.908172, 3.158720 
1.877500, 1.906668, 3.163036 
1.880000, 1.905152, 3.166873 
1.882500, 1.903625, 3.170564 
1.885000, 1.902086, 3.174476 
1.887500, 1.900534, 3.178817 
1.890000, 1.898971, 3.183548 
1.892500, 1.897396, 3.188424 
1.895000, 1.895809, 3.193133 
1.897500, 1.894211, 3.197457 
1.900000, 1.892600, 3.201377 
1.902500, 1.890978, 3.205063 
1.905000, 1.889344, 3.208773 
1.907500, 1.887698, 3.212716 
1.910000, 1.886040, 3.216951 
1.912500, 1.884370, 3.221367 
1.915000, 1.882689, 3.225757 
1.917500, 1.880996, 3.229928 
1.920000, 1.879291, 3.233801 
1.922500, 1.877574, 3.237439 
1.925000, 1.875846, 3.241003 
1.927500, 1.874106, 3.244664 
1.930000, 1.872354, 3.248513 
1.932500, 1.870591, 3.252521 
1.935000, 1.868815, 3.256563 
1.937500, 1.867029, 3.260494 
1.940000, 1.865230, 3.264221 
1.942500, 1.863420, 3.267748 
1.945000, 1.861598, 3.271167 
1.947500, 1.859765, 3.274601 
1.950000, 1.857919, 3.278140 
1.952500, 1.856063, 3.281794 
1.955000, 1.854194, 3.285499 
1.957500, 1.852315, 3.289151 
1.960000, 1.850423, 3.292669 
1.962500, 1.848520, 3.296031 
1.965000, 1.846605, 3.299283 
1.967500, 1.844679, 3.302508 
1.970000, 1.842742, 3.305779 
1.972500, 1.840792, 3.309125 
1.975000, 1.838832, 3.312513 
1.977500, 1.836860, 3.315878 
1.980000, 1.834876, 3.319154 
1.982500, 1.832881, 3.322311 
1.985000, 1.830874, 3.325371 
1.987500, 1.828856, 3.328385 
1.990000, 1.826827, 3.331410 
1.992500, 1.824786, 3.334476 
1.995000, 1.822734, 3.337569 
1.997500, 1.820670, 3.340650 
2.000000, 1.818595, 3.343668 
2.002500, 1.816508, 3.346598 
2.005000, 1.814411, 3.349444 
2.007500, 1.812302, 3.352240 
2.010000, 1.810181, 3.355026 
2.012500, 1.808049, 3.357828 
2.015000, 1.805906, 3.360644 
2.017500, 1.803752, 3.363448 
2.020000, 1.801586, 3.366205 
2.022500, 1.799410, 3.368892 
2.025000, 1.797221, 3.371510 
2.027500, 1.795022, 3.374080 
2.030000, 1.792811, 3.376629 
2.032500, 1.790590, 3.379177 
2.035000, 1.788357, 3.381727 
2.037500, 1.786113, 3.384262 
2.040000, 1.783857, 3.386758 
2.042500, 1.781591, 3.389197 
2.045000, 1.779313, 3.391578 
2.047500, 1.777025, 3.393914 
2.050000, 1.774725, 3.396224 
2.052500, 1.772414, 3.398524 
2.055000, 1.770092, 3.400815 
2.057500, 1.767759, 3.403088 
2.060000, 1.765415, 3.405325 
2.062500, 1.763060, 3.407515 
2.065000, 1.760693, 3.409654 
2.067500, 1.758316, 3.411752 
2.070000, 1.755928, 3.413822 
2.072500, 1.753529, 3.415875 
2.075000, 1.751119, 3.417913 
2.077500, 1.748698, 3.419929 
2.080000, 1.746266, 3.421911 
2.082500, 1.743823, 3.423851 
2.085000, 1.741369, 3.425746 
2.087500, 1.738905, 3.427604 
2.090000, 1.736429, 3.429433 
2.092500, 1.733943, 3.431241 
2.095000, 1.731446, 3.433029 
2.097500, 1.728938, 3.434793 
2.100000, 1.726419, 3.436523 
2.102500, 1.723889, 3.438215 
2.105000, 1.721349, 3.439866 
2.107500, 1.718798, 3.441483 
2.110000, 1.716236, 3.443071 
2.112500, 1.713663, 3.444635 
2.115000, 1.711080, 3.446177 
2.117500, 1.708486, 3.447691 
2.120000, 1.705881, 3.449173 
2.122500, 1.703266, 3.450619 
2.125000, 1.700640, 3.452027 
2.127500, 1.698003, 3.453403 
2.130000, 1.695356, 3.454751 
2.132500, 1.692698, 3.456074 
2.135000, 1.690029, 3.457371 
2.137500, 1.687350, 3.458640 
2.140000, 1.684661, 3.459876 
2.142500, 1.681961, 3.461078 
2.145000, 1.679250, 3.462246 
2.147500, 1.676529, 3.463383 
2.150000, 1.673798, 3.464492 
2.152500, 1.671056, 3.465574 
2.155000, 1.668303, 3.466630 
2.157500, 1.665540, 3.467657 
2.160000, 1.662767, 3.468651 
2.162500, 1.659983, 3.469613 
2.165000, 1.657189, 3.470542 
2.167500, 1.654385, 3.471442 
2.170000, 1.651570, 3.472313 
2.172500, 1.648745, 3.473158 
2.175000, 1.645910, 3.473975 
2.177500, 1.643064, 3.474762 
2.180000, 1.640208, 3.475518 
2.182500, 1.637342, 3.476242 
2.185000, 1.634465, 3.476936 
2.187500, 1.631579, 3.477600 
2.190000, 1.628682, 3.478237 
2.192500, 1.625775, 3.478846 
2.195000, 1.622858, 3.479427 
2.197500, 1.619930, 3.479979 
2.200000, 1.616993, 3.480499 
2.202500, 1.614045, 3.480990 
2.205000, 1.611088, 3.481450 
2.207500, 1.608120, 3.481883 
2.210000, 1.605142, 3.482288 
2.212500, 1.602154, 3.482664 
2.215000, 1.599157, 3.483013 
2.217500, 1.596149, 3.483332 
2.220000, 1.593131, 3.483621 
2.222500, 1.590103, 3.483880 
2.225000, 1.587066, 3.484111 
2.227500, 1.584018, 3.484315 
2.230000, 1.580960, 3.484490 
2.232500, 1.577893, 3.484638 
2.235000, 1.574816, 3.484757 
2.237500, 1.571729, 3.484847 
2.240000, 1.568632, 3.484908 
2.242500, 1.565525, 3.484940 
2.245000, 1.562409, 3.484945 
2.247500, 1.559282, 3.484922 
2.250000, 1.556146, 3.484872 
2.252500, 1.553001, 3.484794 
2.255000, 1.549845, 3.484687 
2.257500, 1.546680, 3.484552 
2.260000, 1.543505, 3.484389 
2.262500, 1.540321, 3.484198 
2.265000, 1.537127, 3.483980 
2.267500, 1.533923, 3.483734 
2.270000, 1.530710, 3.483461 
2.272500, 1.527487, 3.483161 
2.275000, 1.524255, 3.482832 
2.277500, 1.521013, 3.482476 
2.280000, 1.517761, 3.482092 
2.282500, 1.514501, 3.481682 
2.285000, 1.511230, 3.481244 
2.287500, 1.507950, 3.480779 
2.290000, 1.504661, 3.480288 
2.292500, 1.501363, 3.479769 
2.295000, 1.498055, 3.479222 
2.297500, 1.494737, 3.478649 
2.300000, 1.491410, 3.478049 
2.302500, 1.488074, 3.477422 
2.305000, 1.484729, 3.476768 
2.307500, 1.481374, 3.476088 
2.310000, 1.478011, 3.475382 
2.312500, 1.474637, 3.474648 
2.315000, 1.471255, 3.473888 
2.317500, 1.467864, 3.473101 
2.320000, 1.464463, 3.472288 
2.322500, 1.461053, 3.471449 
2.325000, 1.457634, 3.470584 
2.327500, 1.454206, 3.469692 
2.330000, 1.450769, 3.468775 
2.332500, 1.447323, 3.467831 
2.335000, 1.443867, 3.466861 
2.337500, 1.440403, 3.465865 
2.340000, 1.436930, 3.464843 
2.342500, 1.433447, 3.463796 
2.345000, 1.429956, 3.462722 
2.347500, 1.426456, 3.461623 
2.350000, 1.422947, 3.460499 
2.352500, 1.419429, 3.459348 
2.355000, 1.415902, 3.458172 
2.357500, 1.412366, 3.456971 
2.360000, 1.408822, 3.455745 
2.362500, 1.405268, 3.454493 
2.365000, 1.401706, 3.453216 
2.367500, 1.398135, 3.451913 
2.370000, 1.394555, 3.450586 
2.372500, 1.390967, 3.449233 
2.375000, 1.387370, 3.447855 
2.377500, 1.383764, 3.446453 
2.380000, 1.380150, 3.445026 
2.382500, 1.376527, 3.443574 
2.385000, 1.372895, 3.442097 
2.387500, 1.369255, 3.440595 
2.390000, 1.365606, 3.439069 
2.392500, 1.361949, 3.437518 
2.395000, 1.358283, 3.435943 
2.397500, 1.354609, 3.434343 
2.400000, 1.350926, 3.432719 
2.402500, 1.347235, 3.431071 
2.405000, 1.343536, 3.429399 
2.407500, 1.339828, 3.427702 
2.410000, 1.336111, 3.425981 
2.412500, 1.332386, 3.424236 
2.415000, 1.328653, 3.422468 
2.417500, 1.324912, 3.420675 
2.420000, 1.321162, 3.418859 
2.422500, 1.317405, 3.417018 
2.425000, 1.313638, 3.415155 
2.427500, 1.309864, 3.413267 
2.430000, 1.306082, 3.411356 
2.432500, 1.302291, 3.409421 
2.435000, 1.298492, 3.407463 
2.437500, 1.294685, 3.405482 
2.440000, 1.290870, 3.403477 
2.442500, 1.287047, 3.401449 
2.445000, 1.283216, 3.399398 
2.447500, 1.279377, 3.397324 
2.450000, 1.275529, 3.395226 
2.452500, 1.271674, 3.393106 
2.455000, 1.267811, 3.390963 
2.457500, 1.263940, 3.388797 
2.460000, 1.260061, 3.386608 
2.462500, 1.256174, 3.384396 
2.465000, 1.252280, 3.382162 
2.467500, 1.248377, 3.379905 
2.470000, 1.244467, 3.377626 
2.472500, 1.240549, 3.375324 
2.475000, 1.236623, 3.373000 
2.477500, 1.232690, 3.370653 
2.480000, 1.228749, 3.368284 
2.482500, 1.224800, 3.365893 
2.485000, 1.220843, 3.363480 
2.487500, 1.216879, 3.361045 
2.490000, 1.212907, 3.358587 
2.492500, 1.208928, 3.356108 
2.495000, 1.204941, 3.353607 
2.497500, 1.200946, 3.351084 
2.500000, 1.196944, 3.348540 
2.502500, 1.192935, 3.345973 
2.505000, 1.188918, 3.343385 
2.507500, 1.184894, 3.340776 
2.510000, 1.180862, 3.338145 
2.512500, 1.176823, 3.335492 
2.515000, 1.172776, 3.332819 
2.517500, 1.168722, 3.330124 
2.520000, 1.164661, 3.327407 
2.522500, 1.160593, 3.324670 
2.525000, 1.156517, 3.321911 
2.527500, 1.152434, 3.319132 
2.530000, 1.148344, 3.316331 
2.532500, 1.144247, 3.313510 
2.535000, 1.140143, 3.310667 
2.537500, 1.136031, 3.307804 
2.540000, 1.131912, 3.304920 
2.542500, 1.127787, 3.302016 
2.545000, 1.123654, 3.299091 
2.547500, 1.119514, 3.296145 
2.550000, 1.115367, 3.293179 
2.552500, 1.111214, 3.290192 
2.555000, 1.107053, 3.287186 
2.557500, 1.102885, 3.284158 
2.560000, 1.098711, 3.281111 
2.562500, 1.094529, 3.278044 
2.565000, 1.090341, 3.274956 
2.567500, 1.086146, 3.271849 
2.570000, 1.081944, 3.268721 
2.572500, 1.077736, 3.265574 
2.575000, 1.073521, 3.262406 
2.577500, 1.069299, 3.259219 
2.580000, 1.065070, 3.256013 
2.582500, 1.060834, 3.252786 
2.585000, 1.056592, 3.249540 
2.587500, 1.052344, 3.246275 
2.590000, 1.048089, 3.242990 
2.592500, 1.043827, 3.239686 
2.595000, 1.039559, 3.236362 
2.597500, 1.035284, 3.233019 
2.600000, 1.031003, 3.229657 
2.602500, 1.026715, 3.226276 
2.605000, 1.022421, 3.222875 
2.607500, 1.018121, 3.219456 
2.610000, 1.013814, 3.216018 
2.612500, 1.009501, 3.212560 
2.615000, 1.005181, 3.209084 
2.617500, 1.000855, 3.205590 
2.620000, 0.996523, 3.202076 
2.622500, 0.992185, 3.198544 
2.625000, 0.987841, 3.194993 
2.627500, 0.983490, 3.191424 
2.630000, 0.979133, 3.187836 
2.632500, 0.974770, 3.184230 
2.635000, 0.970401, 3.180606 
2.637500, 0.966026, 3.176963 
2.640000, 0.961645, 3.173302 
2.642500, 0.957258, 3.169623 
2.645000, 0.952865, 3.165925 
2.647500, 0.948466, 3.162210 
2.650000, 0.944061, 3.158477 
2.652500, 0.939650, 3.154726 
2.655000, 0.935233, 3.150957 
2.657500, 0.930811, 3.147170 
2.660000, 0.926383, 3.143365 
2.662500, 0.921948, 3.139543 
2.665000, 0.917508, 3.135703 
2.667500, 0.913063, 3.131846 
2.670000, 0.908611, 3.127971 
2.672500, 0.904154, 3.124079 
2.675000, 0.899692, 3.120169 
2.677500, 0.895223, 3.116242 
2.680000, 0.890749, 3.112298 
2.682500, 0.886270, 3.108336 
2.685000, 0.881785, 3.104358 
2.687500, 0.877294, 3.100362 
2.690000, 0.872798, 3.096350 
2.692500, 0.868297, 3.092320 
2.695000, 0.863790, 3.088273 
2.697500, 0.859277, 3.084210 
2.700000, 0.854760, 3.080130 
2.702500, 0.850237, 3.076033 
2.705000, 0.845708, 3.071920 
2.707500, 0.841175, 3.067789 
2.710000, 0.836636, 3.063643 
2.712500, 0.832092, 3.059480 
2.715000, 0.827542, 3.055300 
2.717500, 0.822988, 3.051104 
2.720000, 0.818428, 3.046892 
2.722500, 0.813864, 3.042663 
2.725000, 0.809294, 3.038419 
2.727500, 0.804719, 3.034158 
2.730000, 0.800139, 3.029881 
2.732500, 0.795554, 3.025588 
2.735000, 0.790964, 3.021279 
2.737500, 0.786369, 3.016954 
2.740000, 0.781770, 3.012614 
2.742500, 0.777165, 3.008257 
2.745000, 0.772555, 3.003885 
2.747500, 0.767941, 2.999497 
2.750000, 0.763322, 2.995094 
2.752500, 0.758698, 2.990675 
2.755000, 0.754069, 2.986240 
2.757500, 0.749436, 2.981790 
2.760000, 0.744798, 2.977325 
2.762500, 0.740155, 2.972844 
2.765000, 0.735508, 2.968348 
2.767500, 0.730856, 2.963837 
2.770000, 0.726200, 2.959311 
2.772500, 0.721539, 2.954769 
2.775000, 0.716873, 2.950213 
2.777500, 0.712203, 2.945641 
2.780000, 0.707529, 2.941055 
2.782500, 0.702850, 2.936453 
2.785000, 0.698167, 2.931837 
2.787500, 0.693479, 2.927206 
2.790000, 0.688787, 2.922561 
2.792500, 0.684091, 2.917900 
2.795000, 0.679390, 2.913226 
2.797500, 0.674685, 2.908536 
2.800000, 0.669976, 2.903832 
2.802500, 0.665263, 2.899114 
2.805000, 0.660546, 2.894381 
2.807500, 0.655824, 2.889634 
2.810000, 0.651099, 2.884873 
2.812500, 0.646369, 2.880097 
2.815000, 0.641635, 2.875308 
2.817500, 0.636898, 2.870504 
2.820000, 0.632156, 2.865686 
2.822500, 0.627410, 2.860854 
2.825000, 0.622661, 2.856008 
2.827500, 0.617907, 2.851149 
2.830000, 0.613150, 2.846275 
2.832500, 0.608389, 2.841388 
2.835000, 0.603624, 2.836487 
2.837500, 0.598855, 2.831572 
2.840000, 0.594083, 2.826644 
2.842500, 0.589307, 2.821702 
2.845000, 0.584527, 2.816747 
2.847500, 0.579743, 2.811778 
2.850000, 0.574956, 2.806796 
2.852500, 0.570165, 2.801800 
2.855000, 0.565371, 2.796792 
2.857500, 0.560573, 2.791770 
2.860000, 0.555772, 2.786734 
2.862500, 0.550967, 2.781686 
2.865000, 0.546159, 2.776625 
2.867500, 0.541347, 2.771550 
2.870000, 0.536532, 2.766463 
2.872500, 0.531714, 2.761362 
2.875000, 0.526892, 2.756249 
2.877500, 0.522067, 2.751123 
2.880000, 0.517239, 2.745985 
2.882500, 0.512407, 2.740833 
2.885000, 0.507572, 2.735669 
2.887500, 0.502735, 2.730492 
2.890000, 0.497894, 2.725303 
2.892500, 0.493049, 2.720101 
2.895000, 0.488202, 2.714887 
2.897500, 0.483352, 2.709661 
2.900000, 0.478499, 2.704422 
2.902500, 0.473642, 2.699171 
2.905000, 0.468783, 2.693907 
2.907500, 0.463921, 2.688632 
2.910000, 0.459056, 2.683344 
2.912500, 0.454188, 2.678044 
2.915000, 0.449317, 2.672732 
2.917500, 0.444444, 2.667409 
2.920000, 0.439567, 2.662073 
2.922500, 0.434688, 2.656725 
2.925000, 0.429806, 2.651366 
2.927500, 0.424922, 2.645995 
2.930000, 0.420035, 2.640612 
2.932500, 0.415145, 2.635217 
2.935000, 0.410252, 2.629811 
2.937500, 0.405357, 2.624394 
2.940000, 0.400460, 2.618965 
2.942500, 0.395560, 2.613524 
2.945000, 0.390658, 2.608072 
2.947500, 0.385753, 2.602608 
2.950000, 0.380845, 2.597134 
2.952500, 0.375936, 2.591648 
2.955000, 0.371024, 2.586151 
2.957500, 0.366109, 2.580642 
2.960000, 0.361193, 2.575123 
2.962500, 0.356274, 2.569593 
2.965000, 0.351352, 2.564051 
2.967500, 0.346429, 2.558499 
2.970000, 0.341504, 2.552935 
2.972500, 0.336576, 2.547361 
2.975000, 0.331646, 2.541776 
2.977500, 0.326714, 2.536181 
2.980000, 0.321781, 2.530574 
2.982500, 0.316845, 2.524957 
2.985000, 0.311907, 2.519330 
2.987500, 0.306967, 2.513691 
2.990000, 0.302025, 2.508043 
2.992500, 0.297082, 2.502384 
2.995000, 0.292136, 2.496714 
2.997500, 0.287189, 2.491034 
3.000000, 0.282240, 2.485344 
3.002500, 0.277289, 2.479644 
3.005000, 0.272337, 2.473933 
3.007500, 0.267382, 2.468212 
3.010000, 0.262426, 2.462481 
3.012500, 0.257469, 2.456741 
3.015000, 0.252510, 2.450990 
3.017500, 0.247549, 2.445229 
3.020000, 0.242587, 2.439458 
3.022500, 0.237623, 2.433677 
3.025000, 0.232657, 2.427887 
3.027500, 0.227691, 2.422087 
3.030000, 0.222722, 2.416277 
3.032500, 0.217753, 2.410457 
3.035000, 0.212782, 2.404628 
3.037500, 0.207810, 2.398789 
3.040000, 0.202836, 2.392941 
3.042500, 0.197861, 2.387083 
3.045000, 0.192885, 2.381216 
3.047500, 0.187908, 2.375339 
3.050000, 0.182929, 2.369454 
3.052500, 0.177950, 2.363558 
3.055000, 0.172969, 2.357654 
3.057500, 0.167987, 2.351741 
3.060000, 0.163004, 2.345818 
3.062500, 0.158020, 2.339886 
3.065000, 0.153036, 2.333945 
3.067500, 0.148050, 2.327996 
3.070000, 0.143063, 2.322037 
3.072500, 0.138075, 2.316069 
3.075000, 0.133087, 2.310093 
3.077500, 0.128098, 2.304108 
3.080000, 0.123107, 2.298114 
3.082500, 0.118117, 2.292111 
3.085000, 0.113125, 2.286100 
3.087500, 0.108133, 2.280080 
3.090000, 0.103140, 2.274051 
3.092500, 0.098146, 2.268014 
3.095000, 0.093152, 2.261969 
3.097500, 0.088157, 2.255915 
3.100000, 0.083161, 2.249852 
3.102500, 0.078165, 2.243782 
3.105000, 0.073169, 2.237703 
3.107500, 0.068172, 2.231616 
3.110000, 0.063175, 2.225521 
3.112500, 0.058177, 2.219417 
3.115000, 0.053179, 2.213306 
3.117500, 0.048181, 2.207186 
3.120000, 0.043182, 2.201059 
3.122500, 0.038183, 2.194923 
3.125000, 0.033184, 2.188780 
3.127500, 0.028184, 2.182628 
3.130000, 0.023185, 2.176469 
3.132500, 0.018185, 2.170302 
3.135000, 0.013185, 2.164128 
3.137500, 0.008185, 2.157946 
3.140000, 0.003185, 2.151756 
3.142500, -0.001815, 2.145558 
3.145000, -0.006815, 2.139353 
3.147500, -0.011815, 2.133141 
3.150000, -0.016814, 2.126921 
3.152500, -0.021814, 2.120694 
3.155000, -0.026814, 2.114459 
3.157500, -0.031813, 2.108217 
3.160000, -0.036813, 2.101968 
3.162500, -0.041812, 2.095712 
3.165000, -0.046810, 2.089448 
3.167500, -0.051809, 2.083177 
3.170000, -0.056807, 2.076900 
3.172500, -0.061805, 2.070615 
3.175000, -0.066802, 2.064323 
3.177500, -0.071799, 2.058024 
3.180000, -0.076796, 2.051719 
3.182500, -0.081792, 2.045406 
3.185000, -0.086787, 2.039087 
3.187500, -0.091782, 2.032761 
3.190000, -0.096777, 2.026428 
3.192500, -0.101771, 2.020089 
3.195000, -0.106764, 2.013743 
3.197500, -0.111756, 2.007390 
3.200000, -0.116748, 2.001031 
3.202500, -0.121739, 1.994665 
3.205000, -0.126730, 1.988293 
3.207500, -0.131719, 1.981915 
3.210000, -0.136708, 1.975530 
3.212500, -0.141696, 1.969139 
3.215000, -0.146683, 1.962741 
3.217500, -0.151669, 1.956338 
3.220000, -0.156654, 1.949928 
3.222500, -0.161638, 1.943512 
3.225000, -0.166621, 1.937090 
3.227500, -0.171603, 1.930662 
3.230000, -0.176584, 1.924228 
3.232500, -0.181564, 1.917788 
3.235000, -0.186543, 1.911342 
3.237500, -0.191521, 1.904890 
3.240000, -0.196497, 1.898433 
3.242500, -0.201472, 1.891969 
3.245000, -0.206446, 1.885500 
3.247500, -0.211419, 1.879025 
3.250000, -0.216390, 1.872545 
3.252500, -0.221360, 1.866059 
3.255000, -0.226329, 1.859567 
3.257500, -0.231296, 1.853070 
3.260000, -0.236262, 1.846568 
3.262500, -0.241226, 1.840060 
3.265000, -0.246189, 1.833546 
3.267500, -0.251150, 1.827028 
3.270000, -0.256110, 1.820504 
3.272500, -0.261068, 1.813974 
3.275000, -0.266024, 1.807440 
3.277500, -0.270979, 1.800900 
3.280000, -0.275932, 1.794356 
3.282500, -0.280883, 1.787806 
3.285000, -0.285833, 1.781251 
3.287500, -0.290780, 1.774691 
3.290000, -0.295726, 1.768126 
3.292500, -0.300670, 1.761556 
3.295000, -0.305613, 1.754982 
3.297500, -0.310553, 1.748403 
3.300000, -0.315491, 1.741818 
3.302500, -0.320428, 1.735230 
3.305000, -0.325362, 1.728636 
3.307500, -0.330295, 1.722038 
3.310000, -0.335225, 1.715435 
3.312500, -0.340153, 1.708828 
3.315000, -0.345079, 1.702216 
3.317500, -0.350003, 1.695599 
3.320000, -0.354925, 1.688978 
3.322500, -0.359844, 1.682353 
3.325000, -0.364762, 1.675724 
3.327500, -0.369677, 1.669090 
3.330000, -0.374589, 1.662452 
3.332500, -0.379500, 1.655809 
3.335000, -0.384408, 1.649163 
3.337500, -0.389313, 1.642512 
3.340000, -0.394216, 1.635858 
3.342500, -0.399117, 1.629199 
3.345000, -0.404015, 1.622536 
3.347500, -0.408911, 1.615869 
3.350000, -0.413804, 1.609199 
3.352500, -0.418694, 1.602524 
3.355000, -0.423582, 1.595846 
3.357500, -0.428468, 1.589164 
3.360000, -0.433350, 1.582478 
3.362500, -0.438230, 1.575788 
3.365000, -0.443107, 1.569095 
3.367500, -0.447981, 1.562398 
3.370000, -0.452853, 1.555697 
3.372500, -0.457722, 1.548993 
3.375000, -0.462588, 1.542286 
3.377500, -0.467451, 1.535575 
3.380000, -0.472311, 1.528860 
3.382500, -0.477168, 1.522142 
3.385000, -0.482022, 1.515421 
3.387500, -0.486873, 1.508697 
3.390000, -0.491721, 1.501969 
3.392500, -0.496566, 1.495238 
3.395000, -0.501408, 1.488504 
3.397500, -0.506247, 1.481767 
3.400000, -0.511082, 1.475027 
3.402500, -0.515915, 1.468283 
3.405000, -0.520744, 1.461537 
3.407500, -0.525570, 1.454788 
3.410000, -0.530392, 1.448035 
3.412500, -0.535212, 1.441280 
3.415000, -0.540028, 1.434522 
3.417500, -0.544840, 1.427762 
3.420000, -0.549649, 1.420998 
3.422500, -0.554455, 1.414232 
3.425000, -0.559257, 1.407463 
3.427500, -0.564056, 1.400692 
3.430000, -0.568851, 1.393918 
3.432500, -0.573643, 1.387141 
3.435000, -0.578431, 1.380362 
3.437500, -0.583216, 1.373580 
3.440000, -0.587997, 1.366796 
3.442500, -0.592774, 1.360010 
3.445000, -0.597547, 1.353221 
3.447500, -0.602317, 1.346430 
3.450000, -0.607083, 1.339636 
3.452500, -0.611845, 1.332841 
3.455000, -0.616604, 1.326043 
3.457500, -0.621358, 1.319243 
3.460000, -0.626109, 1.312441 
3.462500, -0.630855, 1.305637 
3.465000, -0.635598, 1.298831 
3.467500, -0.640337, 1.292023 
3.470000, -0.645072, 1.285213 
3.472500, -0.649803, 1.278401 
3.475000, -0.654529, 1.271587 
3.477500, -0.659252, 1.264771 
3.480000, -0.663970, 1.257954 
3.482500, -0.668685, 1.251135 
3.485000, -0.673395, 1.244314 
3.487500, -0.678101, 1.237491 
3.490000, -0.682803, 1.230667 
3.492500, -0.687500, 1.223842 
3.495000, -0.692193, 1.217014 
3.497500, -0.696882, 1.210186 
3.500000, -0.701566, 1.203355 
3.502500, -0.706247, 1.196524 
3.505000, -0.710922, 1.189691 
3.507500, -0.715593, 1.182856 
3.510000, -0.720260, 1.176021 
3.512500, -0.724922, 1.169184 
3.515000, -0.729580, 1.162346 
3.517500, -0.734233, 1.155506 
3.520000, -0.738882, 1.148666 
3.522500, -0.743526, 1.141824 
3.525000, -0.748165, 1.134981 
3.527500, -0.752800, 1.128138 
3.530000, -0.757430, 1.121293 
3.532500, -0.762055, 1.114448 
3.535000, -0.766675, 1.107601 
3.537500, -0.771291, 1.100754 
3.540000, -0.775902, 1.093905 
3.542500, -0.780508, 1.087056 
3.545000, -0.785109, 1.080207 
3.547500, -0.789705, 1.073356 
3.550000, -0.794296, 1.066505 
3.552500, -0.798883, 1.059653 
3.555000, -0.803464, 1.052801 
3.557500, -0.808040, 1.045948 
3.560000, -0.812611, 1.039095 
3.562500, -0.817178, 1.032241 
3.565000, -0.821739, 1.025386 
3.567500, -0.826294, 1.018532 
3.570000, -0.830845, 1.011676 
3.572500, -0.835391, 1.004821 
3.575000, -0.839931, 0.997965 
3.577500, -0.844466, 0.991109 
3.580000, -0.848996, 0.984253 
3.582500, -0.853520, 0.977397 
3.585000, -0.858040, 0.970540 
3.587500, -0.862553, 0.963684 
3.590000, -0.867062, 0.956827 
3.592500, -0.871565, 0.949971 
3.595000, -0.876062, 0.943114 
3.597500, -0.880554, 0.936258 
3.600000, -0.885041, 0.929401 
3.602500, -0.889522, 0.922545 
3.605000, -0.893997, 0.915689 
3.607500, -0.898467, 0.908833 
3.610000, -0.902932, 0.901977 
3.612500, -0.907390, 0.895122 
3.615000, -0.911843, 0.888267 
3.617500, -0.916290, 0.881412 
3.620000, -0.920732, 0.874558 
3.622500, -0.925168, 0.867704 
3.625000, -0.929598, 0.860851 
3.627500, -0.934022, 0.853998 
3.630000, -0.938440, 0.847146 
3.632500, -0.942853, 0.840294 
3.635000, -0.947259, 0.833443 
3.637500, -0.951660, 0.826593 
3.640000, -0.956054, 0.819743 
3.642500, -0.960443, 0.812894 
3.645000, -0.964826, 0.806046 
3.647500, -0.969203, 0.799199 
3.650000, -0.973573, 0.792353 
3.652500, -0.977938, 0.785507 
3.655000, -0.982296, 0.778663 
3.657500, -0.986649, 0.771819 
3.660000, -0.990995, 0.764977 
3.662500, -0.995335, 0.758135 
3.665000, -0.999668, 0.751295 
3.667500, -1.003996, 0.744455 
3.670000, -1.008317, 0.737617 
3.672500, -1.012632, 0.730780 
3.675000, -1.016941, 0.723944 
3.677500, -1.021243, 0.717110 
3.680000, -1.025539, 0.710277 
3.682500, -1.029828, 0.703445 
3.685000, -1.034111, 0.696615 
3.687500, -1.038388, 0.689786 
3.690000, -1.042658, 0.682958 
3.692500, -1.046921, 0.676132 
3.695000, -1.051178, 0.669308 
3.697500, -1.055428, 0.662485 
3.700000, -1.059672, 0.655663 
3.702500, -1.063909, 0.648844 
3.705000, -1.068140, 0.642026 
3.707500, -1.072364, 0.635209 
3.710000, -1.076581, 0.628395 
3.712500, -1.080791, 0.621582 
3.715000, -1.084995, 0.614771 
3.717500, -1.089192, 0.607962 
3.720000, -1.093382, 0.601155 
3.722500, -1.097565, 0.594350 
3.725000, -1.101742, 0.587547 
3.727500, -1.105911, 0.580745 
3.730000, -1.110074, 0.573946 
3.732500, -1.114229, 0.567149 
3.735000, -1.118378, 0.560354 
3.737500, -1.122520, 0.553561 
3.740000, -1.126655, 0.546771 
3.742500, -1.130782, 0.539982 
3.745000, -1.134903, 0.533196 
3.747500, -1.139016, 0.526412 
3.750000, -1.143123, 0.519631 
3.752500, -1.147222, 0.512851 
3.755000, -1.151314, 0.506075 
3.757500, -1.155399, 0.499300 
3.760000, -1.159476, 0.492528 
3.762500, -1.163547, 0.485759 
3.765000, -1.167610, 0.478992 
3.767500, -1.171666, 0.472228 
3.770000, -1.175714, 0.465467 
3.772500, -1.179755, 0.458708 
3.775000, -1.183789, 0.451952 
3.777500, -1.187815, 0.445198 
3.780000, -1.191834, 0.438447 
3.782500, -1.195846, 0.431699 
3.785000, -1.199850, 0.424954 
3.787500, -1.203847, 0.418212 
3.790000, -1.207836, 0.411473 
3.792500, -1.211817, 0.404737 
3.795000, -1.215791, 0.398003 
3.797500, -1.219757, 0.391273 
3.800000, -1.223716, 0.384546 
3.802500, -1.227667, 0.377821 
3.805000, -1.231610, 0.371100 
3.807500, -1.235546, 0.364382 
3.810000, -1.239474, 0.357667 
3.812500, -1.243394, 0.350956 
3.815000, -1.247306, 0.344248 
3.817500, -1.251211, 0.337543 
3.820000, -1.255108, 0.330841 
3.822500, -1.258997, 0.324143 
3.825000, -1.262878, 0.317448 
3.827500, -1.266751, 0.310756 
3.830000, -1.270616, 0.304068 
3.832500, -1.274473, 0.297384 
3.835000, -1.278323, 0.290703 
3.837500, -1.282164, 0.284026 
3.840000, -1.285997, 0.277352 
3.842500, -1.289823, 0.270682 
3.845000, -1.293640, 0.264015 
3.847500, -1.297449, 0.257353 
3.850000, -1.301250, 0.250694 
3.852500, -1.305043, 0.244038 
3.855000, -1.308828, 0.237387 
3.857500, -1.312605, 0.230739 
3.860000, -1.316373, 0.224096 
3.862500, -1.320133, 0.217456 
3.865000, -1.323885, 0.210820 
3.867500, -1.327629, 0.204188 
3.870000, -1.331364, 0.197561 
3.872500, -1.335091, 0.190937 
3.875000, -1.338810, 0.184317 
3.877500, -1.342520, 0.177702 
3.880000, -1.346222, 0.171090 
3.882500, -1.349915, 0.164483 
3.885000, -1.353600, 0.157880 
3.887500, -1.357277, 0.151282 
3.890000, -1.360945, 0.144687 
3.892500, -1.364605, 0.138097 
3.895000, -1.368256, 0.131512 
3.897500, -1.371898, 0.124930 
3.900000, -1.375532, 0.118353 
3.902500, -1.379158, 0.111781 
3.905000, -1.382774, 0.105213 
3.907500, -1.386383, 0.098650 
3.910000, -1.389982, 0.092091 
3.912500, -1.393573, 0.085537 
3.915000, -1.397155, 0.078987 
3.917500, -1.400728, 0.072442 
3.920000, -1.404293, 0.065902 
3.922500, -1.407848, 0.059366 
3.925000, -1.411395, 0.052835 
3.927500, -1.414933, 0.046310 
3.930000, -1.418463, 0.039788 
3.932500, -1.421983, 0.033272 
3.935000, -1.425495, 0.026761 
3.937500, -1.428997, 0.020254 
3.940000, -1.432491, 0.013753 
3.942500, -1.435976, 0.007256 
3.945000, -1.439452, 0.000765 
3.947500, -1.442918, -0.005722 
3.950000, -1.446376, -0.012203 
3.952500, -1.449825, -0.018679 
3.955000, -1.453265, -0.025150 
3.957500, -1.456695, -0.031616 
3.960000, -1.460117, -0.038077 
3.962500, -1.463529, -0.044532 
3.965000, -1.466932, -0.050982 
3.967500, -1.470326, -0.057427 
3.970000, -1.473711, -0.063866 
3.972500, -1.477087, -0.070300 
3.975000, -1.480453, -0.076729 
3.977500, -1.483810, -0.083152 
3.980000, -1.487158, -0.089570 
3.982500, -1.490497, -0.095982 
3.985000, -1.493826, -0.102388 
3.987500, -1.497146, -0.108789 
3.990000, -1.500457, -0.115185 
3.992500, -1.503758, -0.121574 
3.995000, -1.507050, -0.127959 
3.997500, -1.510332, -0.134337 
4.000000, -1.513605, -0.140710 
4.002500, -1.516868, -0.147076 
4.005000, -1.520122, -0.153438 
4.007500, -1.523367, -0.159793 
4.010000, -1.526602, -0.166142 
4.012500, -1.529827, -0.172486 
4.015000, -1.533043, -0.178823 
4.017500, -1.536250, -0.185155 
4.020000, -1.539446, -0.191480 
4.022500, -1.542633, -0.197800 
4.025000, -1.545811, -0.204113 
4.027500, -1.548979, -0.210421 
4.030000, -1.552137, -0.216722 
4.032500, -1.555285, -0.223017 
4.035000, -1.558424, -0.229306 
4.037500, -1.561553, -0.235589 
4.040000, -1.564672, -0.241866 
4.042500, -1.567781, -0.248136 
4.045000, -1.570881, -0.254400 
4.047500, -1.573971, -0.260657 
4.050000, -1.577051, -0.266909 
4.052500, -1.580121, -0.273153 
4.055000, -1.583181, -0.279392 
4.057500, -1.586231, -0.285624 
4.060000, -1.589271, -0.291849 
4.062500, -1.592302, -0.298068 
4.065000, -1.595322, -0.304280 
4.067500, -1.598333, -0.310486 
4.070000, -1.601334, -0.316685 
4.072500, -1.604324, -0.322878 
4.075000, -1.607305, -0.329064 
4.077500, -1.610275, -0.335243 
4.080000, -1.613235, -0.341415 
4.082500, -1.616186, -0.347581 
4.085000, -1.619126, -0.353740 
4.087500, -1.622056, -0.359892 
4.090000, -1.624976, -0.366037 
4.092500, -1.627886, -0.372175 
4.095000, -1.630786, -0.378307 
4.097500, -1.633675, -0.384431 
4.100000, -1.636554, -0.390549 
4.102500, -1.639423, -0.396659 
4.105000, -1.642282, -0.402762 
4.107500, -1.645130, -0.408859 
4.110000, -1.647969, -0.414948 
4.112500, -1.650797, -0.421030 
4.115000, -1.653614, -0.427105 
4.117500, -1.656421, -0.433173 
4.120000, -1.659218, -0.439233 
4.122500, -1.662005, -0.445287 
4.125000, -1.664781, -0.451333 
4.127500, -1.667547, -0.457371 
4.130000, -1.670302, -0.463403 
4.132500, -1.673047, -0.469427 
4.135000, -1.675781, -0.475443 
4.137500, -1.678505, -0.481453 
4.140000, -1.681219, -0.487454 
4.142500, -1.683922, -0.493449 
4.145000, -1.686614, -0.499435 
4.147500, -1.689296, -0.505415 
4.150000, -1.691967, -0.511386 
4.152500, -1.694628, -0.517350 
4.155000, -1.697278, -0.523307 
4.157500, -1.699918, -0.529256 
4.160000, -1.702547, -0.535197 
4.162500, -1.705165, -0.541130 
4.165000, -1.707773, -0.547056 
4.167500, -1.710370, -0.552974 
4.170000, -1.712956, -0.558884 
4.172500, -1.715532, -0.564786 
4.175000, -1.718096, -0.570680 
4.177500, -1.720650, -0.576567 
4.180000, -1.723194, -0.582446 
4.182500, -1.725726, -0.588316 
4.185000, -1.728248, -0.594179 
4.187500, -1.730759, -0.600034 
4.190000, -1.733259, -0.605880 
4.192500, -1.735749, -0.611719 
4.195000, -1.738227, -0.617550 
4.197500, -1.740695, -0.623372 
4.200000, -1.743152, -0.629186 
4.202500, -1.745597, -0.634993 
4.205000, -1.748032, -0.640791 
4.207500, -1.750456, -0.646580 
4.210000, -1.752869, -0.652362 
4.212500, -1.755272, -0.658135 
4.215000, -1.757663, -0.663900 
4.217500, -1.760043, -0.669657 
4.220000, -1.762412, -0.675405 
4.222500, -1.764770, -0.681145 
4.225000, -1.767117, -0.686876 
4.227500, -1.769453, -0.692599 
4.230000, -1.771778, -0.698314 
4.232500, -1.774092, -0.704020 
4.235000, -1.776395, -0.709717 
4.237500, -1.778687, -0.715406 
4.240000, -1.780968, -0.721087 
4.242500, -1.783237, -0.726758 
4.245000, -1.785495, -0.732422 
4.247500, -1.787743, -0.738076 
4.250000, -1.789979, -0.743722 
4.252500, -1.792204, -0.749359 
4.255000, -1.794417, -0.754987 
4.257500, -1.796620, -0.760607 
4.260000, -1.798811, -0.766218 
4.262500, -1.800991, -0.771820 
4.265000, -1.803159, -0.777413 
4.267500, -1.805317, -0.782997 
4.270000, -1.807463, -0.788573 
4.272500, -1.809598, -0.794139 
4.275000, -1.811721, -0.799697 
4.277500, -1.813834, -0.805245 
4.280000, -1.815935, -0.810785 
4.282500, -1.818024, -0.816315 
4.285000, -1.820102, -0.821837 
4.287500, -1.822169, -0.827349 
4.290000, -1.824224, -0.832853 
4.292500, -1.826268, -0.838347 
4.295000, -1.828301, -0.843832 
4.297500, -1.830322, -0.849308 
4.300000, -1.832332, -0.854774 
4.302500, -1.834330, -0.860232 
4.305000, -1.836317, -0.865680 
4.307500, -1.838292, -0.871119 
4.310000, -1.840256, -0.876548 
4.312500, -1.842208, -0.881968 
4.315000, -1.844149, -0.887379 
4.317500, -1.846079, -0.892781 
4.320000, -1.847996, -0.898173 
4.322500, -1.849903, -0.903556 
4.325000, -1.851797, -0.908929 
4.327500, -1.853680, -0.914292 
4.330000, -1.855552, -0.919647 
4.332500, -1.857412, -0.924991 
4.335000, -1.859260, -0.930326 
4.337500, -1.861097, -0.935652 
4.340000, -1.862922, -0.940968 
4.342500, -1.864735, -0.946274 
4.345000, -1.866537, -0.951570 
4.347500,