t, r_ref, qr_ref, r_act, qr_act, tau[0], tau[1]
0.000000, 0.353600, 1.570796, 0.353553, 1.570796, 0.863387, -0.863387
0.002500, 0.353600, 1.570796, 0.353565, 1.570790, 0.174880, -0.118075
0.005000, 0.353600, 1.570796, 0.353577, 1.570792, -0.012565, 0.218502
0.007500, 0.353600, 1.570796, 0.353584, 1.570796, -0.269049, -0.094497
0.010000, 0.353600, 1.570796, 0.353588, 1.570794, 0.015099, 0.128204
0.012500, 0.353600, 1.570796, 0.353586, 1.570793, 0.087333, -0.020538
0.015000, 0.353600, 1.570796, 0.353502, 1.570801, 0.977799, -1.503375
0.017500, 0.353600, 1.570796, 0.353322, 1.570813, 2.350664, -3.248833
0.020000, 0.353600, 1.570796, 0.353062, 1.570825, 3.779119, -4.817316
0.022500, 0.353600, 1.570796, 0.352735, 1.570838, 5.109400, -6.255215
0.025000, 0.353600, 1.570796, 0.352351, 1.570852, 6.311884, -7.595156
0.027500, 0.353600, 1.570796, 0.351920, 1.570867, 7.407864, -8.830884
0.030000, 0.353600, 1.570796, 0.351451, 1.570882, 8.416486, -9.958973
0.032500, 0.353600, 1.570796, 0.350951, 1.570897, 9.347388, -10.995508
0.035000, 0.353600, 1.570796, 0.350426, 1.570913, 10.209255, -11.960353
0.037500, 0.353600, 1.570796, 0.349882, 1.570929, 11.012772, -12.856645
0.040000, 0.353600, 1.570796, 0.349322, 1.570945, 11.765330, -13.693138
0.042500, 0.353600, 1.570796, 0.348751, 1.570961, 12.471837, -14.478982
0.045000, 0.353600, 1.570796, 0.348172, 1.570977, 13.127639, -15.225935
0.047500, 0.353600, 1.570796, 0.347587, 1.570993, 13.746857, -15.931613
0.050000, 0.353600, 1.570796, 0.346999, 1.571009, 14.338431, -16.596413
0.052500, 0.353600, 1.570796, 0.346409, 1.571025, 14.902011, -17.226137
0.055000, 0.353600, 1.570796, 0.345821, 1.571041, 15.437599, -17.825062
0.057500, 0.353600, 1.570796, 0.345234, 1.571056, 15.946862, -18.395242
0.060000, 0.353600, 1.570796, 0.344651, 1.571071, 16.431547, -18.938029
0.062500, 0.353600, 1.570796, 0.344073, 1.571086, 16.892816, -19.454784
0.065000, 0.353600, 1.570796, 0.343500, 1.571100, 17.331472, -19.946795
0.067500, 0.353600, 1.570796, 0.342934, 1.571114, 17.748228, -20.415143
0.070000, 0.353600, 1.570796, 0.342376, 1.571128, 18.143767, -20.860711
0.072500, 0.353600, 1.570796, 0.341826, 1.571142, 18.518714, -21.284254
0.075000, 0.353600, 1.570796, 0.341285, 1.571155, 18.873633, -21.686445
0.077500, 0.353600, 1.570796, 0.340754, 1.571168, 19.209043, -22.067890
0.080000, 0.353600, 1.570796, 0.340233, 1.571181, 19.525434, -22.429137
0.082500, 0.353600, 1.570796, 0.339723, 1.571193, 19.823275, -22.770692
0.085000, 0.353600, 1.570796, 0.339225, 1.571205, 20.103024, -23.093027
0.087500, 0.353600, 1.570796, 0.338738, 1.571217, 20.365128, -23.396594
0.090000, 0.353600, 1.570796, 0.338263, 1.571229, 20.610029, -23.681830
0.092500, 0.353600, 1.570796, 0.337801, 1.571240, 20.838173, -23.949165
0.095000, 0.353600, 1.570796, 0.337352, 1.571251, 21.050004, -24.199025
0.097500, 0.353600, 1.570796, 0.336916, 1.571262, 21.245974, -24.431836
0.100000, 0.353600, 1.570796, 0.336493, 1.571272, 21.426539, -24.648029
0.102500, 0.353600, 1.570796, 0.336083, 1.571283, 21.592162, -24.848038
0.105000, 0.353600, 1.570796, 0.335687, 1.571293, 21.743308, -25.032305
0.107500, 0.353600, 1.570796, 0.335305, 1.571303, 21.880449, -25.201277
0.110000, 0.353600, 1.570796, 0.334936, 1.571312, 22.004059, -25.355406
0.112500, 0.353600, 1.570796, 0.334581, 1.571321, 22.114614, -25.495148
0.115000, 0.353600, 1.570796, 0.334240, 1.571330, 22.212589, -25.620964
0.117500, 0.353600, 1.570796, 0.333913, 1.571339, 22.298459, -25.733317
0.120000, 0.353600, 1.570796, 0.333600, 1.571348, 22.372697, -25.832669
0.122500, 0.353600, 1.570796, 0.333301, 1.571356, 22.435771, -25.919484
0.125000, 0.353600, 1.570796, 0.333015, 1.571364, 22.488148, -25.994222
0.127500, 0.353600, 1.570796, 0.332743, 1.571371, 22.530288, -26.057342
0.130000, 0.353600, 1.570796, 0.332484, 1.571379, 22.562647, -26.109301
0.132500, 0.353600, 1.570796, 0.332239, 1.571386, 22.585676, -26.150548
0.135000, 0.353600, 1.570796, 0.332007, 1.571393, 22.599821, -26.181533
0.137500, 0.353600, 1.570796, 0.331787, 1.571400, 22.605520, -26.202695
0.140000, 0.353600, 1.570796, 0.331581, 1.571406, 22.603209, -26.214473
0.142500, 0.353600, 1.570796, 0.331387, 1.571412, 22.593315, -26.217297
0.145000, 0.353600, 1.570796, 0.331205, 1.571418, 22.576260, -26.211592
0.147500, 0.353600, 1.570796, 0.331036, 1.571424, 22.552458, -26.197777
0.150000, 0.353600, 1.570796, 0.330878, 1.571429, 22.522317, -26.176264
0.152500, 0.353600, 1.570796, 0.330732, 1.571434, 22.486237, -26.147459
0.155000, 0.353600, 1.570796, 0.330597, 1.571439, 22.444612, -26.111760
0.157500, 0.353600, 1.570796, 0.330473, 1.571444, 22.397662, -26.069709
0.160000, 0.353600, 1.570796, 0.330360, 1.571448, 22.337416, -26.029511
0.162500, 0.353600, 1.570796, 0.330258, 1.571453, 22.267884, -25.989596
0.165000, 0.353600, 1.570796, 0.330165, 1.571457, 22.200097, -25.941308
0.167500, 0.353600, 1.570796, 0.330082, 1.571462, 22.133758, -25.885146
0.170000, 0.353600, 1.570796, 0.330009, 1.571466, 22.063012, -25.825885
0.172500, 0.353600, 1.570796, 0.329944, 1.571470, 22.000644, -25.752280
0.175000, 0.353600, 1.570796, 0.329888, 1.571473, 21.943081, -25.667675
0.177500, 0.353600, 1.570796, 0.329840, 1.571476, 21.881818, -25.579907
0.180000, 0.353600, 1.570796, 0.329801, 1.571478, 21.815672, -25.490707
0.182500, 0.353600, 1.570796, 0.329768, 1.571479, 21.760004, -25.391452
0.185000, 0.353600, 1.570796, 0.329743, 1.571479, 21.735175, -25.270916
0.187500, 0.353600, 1.570796, 0.329724, 1.571478, 21.733911, -25.137146
0.190000, 0.353600, 1.570796, 0.329710, 1.571474, 21.739773, -25.004352
0.192500, 0.353600, 1.570796, 0.329701, 1.571470, 21.743683, -24.879601
0.195000, 0.353600, 1.570796, 0.329696, 1.571464, 21.724468, -24.776084
0.197500, 0.353600, 1.570796, 0.329696, 1.571459, 21.664125, -24.703362
0.200000, 0.353600, 1.570796, 0.329701, 1.571455, 21.590799, -24.636996
0.202500, 0.353600, 1.570796, 0.329711, 1.571450, 21.522549, -24.562449
0.205000, 0.353600, 1.570796, 0.329724, 1.571446, 21.458259, -24.481570
0.207500, 0.353600, 1.570796, 0.329742, 1.571442, 21.393605, -24.398857
0.210000, 0.353600, 1.570796, 0.329764, 1.571437, 21.327877, -24.315628
0.212500, 0.353600, 1.570796, 0.329789, 1.571433, 21.262122, -24.231603
0.215000, 0.353600, 1.570796, 0.329818, 1.571429, 21.196999, -24.146743
0.217500, 0.353600, 1.570796, 0.329851, 1.571425, 21.132611, -24.061415
0.220000, 0.353600, 1.570796, 0.329886, 1.571421, 21.068973, -23.975999
0.222500, 0.353600, 1.570796, 0.329924, 1.571416, 21.006194, -23.890752
0.225000, 0.353600, 1.570796, 0.329965, 1.571412, 20.944412, -23.805861
0.227500, 0.353600, 1.570796, 0.330008, 1.571408, 20.883740, -23.721502
0.230000, 0.353600, 1.570796, 0.330053, 1.571404, 20.824266, -23.637841
0.232500, 0.353600, 1.570796, 0.330101, 1.571399, 20.766067, -23.555028
0.235000, 0.353600, 1.570796, 0.330150, 1.571395, 20.709215, -23.473194
0.237500, 0.353600, 1.570796, 0.330201, 1.571391, 20.653773, -23.392457
0.240000, 0.353600, 1.570796, 0.330253, 1.571386, 20.599796, -23.312922
0.242500, 0.353600, 1.570796, 0.330306, 1.571382, 20.547332, -23.234682
0.245000, 0.353600, 1.570796, 0.330360, 1.571377, 20.496424, -23.157824
0.247500, 0.353600, 1.570796, 0.330416, 1.571373, 20.447105, -23.082424
0.250000, 0.353600, 1.570796, 0.330472, 1.571368, 20.399404, -23.008549
0.252500, 0.353600, 1.570796, 0.330528, 1.571364, 20.353344, -22.936260
0.255000, 0.353600, 1.570796, 0.330585, 1.571359, 20.308943, -22.865612
0.257500, 0.353600, 1.570796, 0.330643, 1.571355, 20.266212, -22.796651
0.260000, 0.353600, 1.570796, 0.330700, 1.571350, 20.225161, -22.729421
0.262500, 0.353600, 1.570796, 0.330758, 1.571345, 20.185791, -22.663956
0.265000, 0.353600, 1.570796, 0.330815, 1.571340, 20.148103, -22.600289
0.267500, 0.353600, 1.570796, 0.330873, 1.571336, 20.112090, -22.538446
0.270000, 0.353600, 1.570796, 0.330929, 1.571331, 20.077744, -22.478448
0.272500, 0.353600, 1.570796, 0.330986, 1.571326, 20.045053, -22.420314
0.275000, 0.353600, 1.570796, 0.331042, 1.571321, 20.014002, -22.364056
0.277500, 0.353600, 1.570796, 0.331097, 1.571317, 19.984572, -22.309685
0.280000, 0.353600, 1.570796, 0.331152, 1.571312, 19.956742, -22.257206
0.282500, 0.353600, 1.570796, 0.331206, 1.571307, 19.930489, -22.206622
0.285000, 0.353600, 1.570796, 0.331259, 1.571302, 19.905785, -22.157930
0.287500, 0.353600, 1.570796, 0.331312, 1.571297, 19.882604, -22.111127
0.290000, 0.353600, 1.570796, 0.331363, 1.571293, 19.860913, -22.066206
0.292500, 0.353600, 1.570796, 0.331413, 1.571288, 19.840681, -22.023155
0.295000, 0.353600, 1.570796, 0.331463, 1.571283, 19.821875, -21.981963
0.297500, 0.353600, 1.570796, 0.331511, 1.571279, 19.804458, -21.942612
0.300000, 0.353600, 1.570796, 0.331558, 1.571274, 19.788394, -21.905084
0.302500, 0.353600, 1.570796, 0.331604, 1.571269, 19.773645, -21.869360
0.305000, 0.353600, 1.570796, 0.331648, 1.571265, 19.760302, -21.835306
0.307500, 0.353600, 1.570796, 0.331692, 1.571260, 19.750987, -21.800521
0.310000, 0.353600, 1.570796, 0.331734, 1.571256, 19.745587, -21.764854
0.312500, 0.353600, 1.570796, 0.331775, 1.571251, 19.739173, -21.732347
0.315000, 0.353600, 1.570796, 0.331815, 1.571246, 19.731009, -21.703588
0.317500, 0.353600, 1.570796, 0.331853, 1.571242, 19.722555, -21.677336
0.320000, 0.353600, 1.570796, 0.331890, 1.571237, 19.714645, -21.652868
0.322500, 0.353600, 1.570796, 0.331926, 1.571233, 19.707358, -21.630095
0.325000, 0.353600, 1.570796, 0.331961, 1.571229, 19.700580, -21.609082
0.327500, 0.353600, 1.570796, 0.331994, 1.571224, 19.694269, -21.589831
0.330000, 0.353600, 1.570796, 0.332027, 1.571220, 19.688445, -21.572286
0.332500, 0.353600, 1.570796, 0.332057, 1.571217, 19.683133, -21.556382
0.335000, 0.353600, 1.570796, 0.332087, 1.571213, 19.678341, -21.542066
0.337500, 0.353600, 1.570796, 0.332116, 1.571209, 19.674070, -21.529291
0.340000, 0.353600, 1.570796, 0.332143, 1.571206, 19.670311, -21.518011
0.342500, 0.353600, 1.570796, 0.332169, 1.571202, 19.667058, -21.508182
0.345000, 0.353600, 1.570796, 0.332194, 1.571199, 19.664301, -21.499758
0.347500, 0.353600, 1.570796, 0.332217, 1.571196, 19.662029, -21.492693
0.350000, 0.353600, 1.570796, 0.332240, 1.571193, 19.660232, -21.486943
0.352500, 0.353600, 1.570796, 0.332261, 1.571190, 19.658895, -21.482464
0.355000, 0.353600, 1.570796, 0.332281, 1.571188, 19.658007, -21.479210
0.357500, 0.353600, 1.570796, 0.332300, 1.571185, 19.657552, -21.477138
0.360000, 0.353600, 1.570796, 0.332318, 1.571183, 19.657518, -21.476203
0.362500, 0.353600, 1.570796, 0.332335, 1.571181, 19.657890, -21.476362
0.365000, 0.353600, 1.570796, 0.332350, 1.571179, 19.658653, -21.477570
0.367500, 0.353600, 1.570796, 0.332365, 1.571177, 19.659794, -21.479784
0.370000, 0.353600, 1.570796, 0.332378, 1.571175, 19.661298, -21.482960
0.372500, 0.353600, 1.570796, 0.332391, 1.571174, 19.663149, -21.487056
0.375000, 0.353600, 1.570796, 0.332402, 1.571172, 19.664264, -21.492576
0.377500, 0.353600, 1.570796, 0.332413, 1.571171, 19.662875, -21.500162
0.380000, 0.353600, 1.570796, 0.332423, 1.571170, 19.660146, -21.508625
0.382500, 0.353600, 1.570796, 0.332432, 1.571169, 19.657373, -21.516921
0.385000, 0.353600, 1.570796, 0.332440, 1.571169, 19.654788, -21.524930
0.387500, 0.353600, 1.570796, 0.332448, 1.571168, 19.650859, -21.533914
0.390000, 0.353600, 1.570796, 0.332455, 1.571168, 19.645255, -21.544111
0.392500, 0.353600, 1.570796, 0.332461, 1.571168, 19.638909, -21.554726
0.395000, 0.353600, 1.570796, 0.332467, 1.571169, 19.632528, -21.565180
0.397500, 0.353600, 1.570796, 0.332473, 1.571169, 19.626406, -21.575259
0.400000, 0.353600, 1.570796, 0.332478, 1.571170, 19.620610, -21.584949
0.402500, 0.353600, 1.570796, 0.332483, 1.571170, 19.615131, -21.594290
0.405000, 0.353600, 1.570796, 0.332487, 1.571171, 19.609951, -21.603320
0.407500, 0.353600, 1.570796, 0.332491, 1.571172, 19.605060, -21.612064
0.410000, 0.353600, 1.570796, 0.332494, 1.571173, 19.600450, -21.620535
0.412500, 0.353600, 1.570796, 0.332497, 1.571175, 19.596117, -21.628741
0.415000, 0.353600, 1.570796, 0.332500, 1.571176, 19.592053, -21.636687
0.417500, 0.353600, 1.570796, 0.332502, 1.571177, 19.588252, -21.644377
0.420000, 0.353600, 1.570796, 0.332505, 1.571179, 19.584706, -21.651813
0.422500, 0.353600, 1.570796, 0.332507, 1.571180, 19.581407, -21.658997
0.425000, 0.353600, 1.570796, 0.332508, 1.571181, 19.578345, -21.665931
0.427500, 0.353600, 1.570796, 0.332510, 1.571183, 19.575511, -21.672617
0.430000, 0.353600, 1.570796, 0.332511, 1.571184, 19.572897, -21.679057
0.432500, 0.353600, 1.570796, 0.332512, 1.571186, 19.570494, -21.685252
0.435000, 0.353600, 1.570796, 0.332513, 1.571187, 19.568291, -21.691206
0.437500, 0.353600, 1.570796, 0.332514, 1.571189, 19.566281, -21.696920
0.440000, 0.353600, 1.570796, 0.332514, 1.571190, 19.564455, -21.702398
0.442500, 0.353600, 1.570796, 0.332515, 1.571192, 19.562802, -21.707643
0.445000, 0.353600, 1.570796, 0.332515, 1.571193, 19.561316, -21.712659
0.447500, 0.353600, 1.570796, 0.332515, 1.571195, 19.559987, -21.717450
0.450000, 0.353600, 1.570796, 0.332515, 1.571196, 19.558806, -21.722021
0.452500, 0.353600, 1.570796, 0.332515, 1.571198, 19.557767, -21.726376
0.455000, 0.353600, 1.570796, 0.332515, 1.571199, 19.556861, -21.730520
0.457500, 0.353600, 1.570796, 0.332515, 1.571200, 19.556081, -21.734459
0.460000, 0.353600, 1.570796, 0.332514, 1.571202, 19.555419, -21.738197
0.462500, 0.353600, 1.570796, 0.332514, 1.571203, 19.554868, -21.741742
0.465000, 0.353600, 1.570796, 0.332513, 1.571204, 19.554421, -21.745098
0.467500, 0.353600, 1.570796, 0.332513, 1.571205, 19.554071, -21.748271
0.470000, 0.353600, 1.570796, 0.332512, 1.571207, 19.553813, -21.751268
0.472500, 0.353600, 1.570796, 0.332512, 1.571208, 19.553640, -21.754095
0.475000, 0.353600, 1.570796, 0.332511, 1.571209, 19.553546, -21.756758
0.477500, 0.353600, 1.570796, 0.332510, 1.571210, 19.553525, -21.759262
0.480000, 0.353600, 1.570796, 0.332509, 1.571211, 19.553573, -21.761615
0.482500, 0.353600, 1.570796, 0.332509, 1.571212, 19.553683, -21.763822
0.485000, 0.353600, 1.570796, 0.332508, 1.571213, 19.553851, -21.765889
0.487500, 0.353600, 1.570796, 0.332507, 1.571214, 19.554073, -21.767823
0.490000, 0.353600, 1.570796, 0.332506, 1.571215, 19.554343, -21.769629
0.492500, 0.353600, 1.570796, 0.332505, 1.571215, 19.554658, -21.771312
0.495000, 0.353600, 1.570796, 0.332504, 1.571216, 19.555014, -21.772880
0.497500, 0.353600, 1.570796, 0.332503, 1.571217, 19.555406, -21.774337
0.500000, 0.353600, 1.570796, 0.332503, 1.571218, 19.555832, -21.775688
0.502500, 0.353600, 1.570796, 0.332502, 1.571218, 19.556287, -21.776940
0.505000, 0.353600, 1.570796, 0.332501, 1.571219, 19.556769, -21.778097
0.507500, 0.353600, 1.570796, 0.332500, 1.571220, 19.557274, -21.779164
0.510000, 0.353600, 1.570796, 0.332499, 1.571220, 19.557800, -21.780146
0.512500, 0.353600, 1.570796, 0.332498, 1.571221, 19.558344, -21.781048
0.515000, 0.353600, 1.570796, 0.332497, 1.571221, 19.558904, -21.781874
0.517500, 0.353600, 1.570796, 0.332496, 1.571222, 19.559477, -21.782630
0.520000, 0.353600, 1.570796, 0.332495, 1.571222, 19.560061, -21.783318
0.522500, 0.353600, 1.570796, 0.332495, 1.571223, 19.560653, -21.783943
0.525000, 0.353600, 1.570796, 0.332494, 1.571223, 19.561253, -21.784510
0.527500, 0.353600, 1.570796, 0.332493, 1.571223, 19.561858, -21.785021
0.530000, 0.353600, 1.570796, 0.332492, 1.571224, 19.562467, -21.785480
0.532500, 0.353600, 1.570796, 0.332491, 1.571224, 19.563079, -21.785892
0.535000, 0.353600, 1.570796, 0.332491, 1.571224, 19.563691, -21.786258
0.537500, 0.353600, 1.570796, 0.332490, 1.571224, 19.564302, -21.786583
0.540000, 0.353600, 1.570796, 0.332489, 1.571225, 19.564913, -21.786869
0.542500, 0.353600, 1.570796, 0.332488, 1.571225, 19.565520, -21.787118
0.545000, 0.353600, 1.570796, 0.332488, 1.571225, 19.566124, -21.787335
0.547500, 0.353600, 1.570796, 0.332487, 1.571225, 19.566724, -21.787521
0.550000, 0.353600, 1.570796, 0.332486, 1.571226, 19.567318, -21.787679
0.552500, 0.353600, 1.570796, 0.332486, 1.571226, 19.567906, -21.787810
0.555000, 0.353600, 1.570796, 0.332485, 1.571226, 19.568488, -21.787918
0.557500, 0.353600, 1.570796, 0.332484, 1.571226, 19.569063, -21.788004
0.560000, 0.353600, 1.570796, 0.332484, 1.571226, 19.569630, -21.788070
0.562500, 0.353600, 1.570796, 0.332483, 1.571226, 19.570189, -21.788118
0.565000, 0.353600, 1.570796, 0.332483, 1.571226, 19.570739, -21.788150
0.567500, 0.353600, 1.570796, 0.332482, 1.571226, 19.571281, -21.788167
0.570000, 0.353600, 1.570796, 0.332482, 1.571226, 19.571814, -21.788171
0.572500, 0.353600, 1.570796, 0.332481, 1.571226, 19.572338, -21.788163
0.575000, 0.353600, 1.570796, 0.332481, 1.571226, 19.572852, -21.788144
0.577500, 0.353600, 1.570796, 0.332480, 1.571226, 19.573357, -21.788116
0.580000, 0.353600, 1.570796, 0.332480, 1.571226, 19.573852, -21.788080
0.582500, 0.353600, 1.570796, 0.332479, 1.571227, 19.574337, -21.788037
0.585000, 0.353600, 1.570796, 0.332479, 1.571227, 19.574813, -21.787987
0.587500, 0.353600, 1.570796, 0.332478, 1.571227, 19.575279, -21.787932
0.590000, 0.353600, 1.570796, 0.332478, 1.571226, 19.575735, -21.787872
0.592500, 0.353600, 1.570796, 0.332477, 1.571226, 19.576182, -21.787809
0.595000, 0.353600, 1.570796, 0.332477, 1.571226, 19.576618, -21.787743
0.597500, 0.353600, 1.570796, 0.332477, 1.571226, 19.577046, -21.787674
0.600000, 0.353600, 1.570796, 0.332476, 1.571226, 19.577464, -21.787604
0.602500, 0.353600, 1.570796, 0.332476, 1.571226, 19.577873, -21.787532
0.605000, 0.353600, 1.570796, 0.332476, 1.571226, 19.578272, -21.787459
0.607500, 0.353600, 1.570796, 0.332475, 1.571226, 19.578663, -21.787386
0.610000, 0.353600, 1.570796, 0.332475, 1.571226, 19.579045, -21.787313
0.612500, 0.353600, 1.570796, 0.332475, 1.571226, 19.579418, -21.787241
0.615000, 0.353600, 1.570796, 0.332474, 1.571226, 19.579783, -21.787169
0.617500, 0.353600, 1.570796, 0.332474, 1.571226, 19.580139, -21.787098
0.620000, 0.353600, 1.570796, 0.332474, 1.571226, 19.580488, -21.787028
0.622500, 0.353600, 1.570796, 0.332473, 1.571226, 19.580828, -21.786959
0.625000, 0.353600, 1.570796, 0.332473, 1.571226, 19.581161, -21.786892
0.627500, 0.353600, 1.570796, 0.332473, 1.571226, 19.581486, -21.786827
0.630000, 0.353600, 1.570796, 0.332473, 1.571226, 19.581804, -21.786764
0.632500, 0.353600, 1.570796, 0.332472, 1.571226, 19.582115, -21.786702
0.635000, 0.353600, 1.570796, 0.332472, 1.571226, 19.582419, -21.786643
0.637500, 0.353600, 1.570796, 0.332472, 1.571226, 19.582716, -21.786585
0.640000, 0.353600, 1.570796, 0.332472, 1.571226, 19.583006, -21.786530
0.642500, 0.353600, 1.570796, 0.332471, 1.571226, 19.583291, -21.786477
0.645000, 0.353600, 1.570796, 0.332471, 1.571225, 19.583569, -21.786426
0.647500, 0.353600, 1.570796, 0.332471, 1.571225, 19.583842, -21.786377
0.650000, 0.353600, 1.570796, 0.332471, 1.571225, 19.584108, -21.786331
0.652500, 0.353600, 1.570796, 0.332470, 1.571225, 19.584369, -21.786286
0.655000, 0.353600, 1.570796, 0.332470, 1.571225, 19.584625, -21.786244
0.657500, 0.353600, 1.570796, 0.332470, 1.571225, 19.584876, -21.786204
0.660000, 0.353600, 1.570796, 0.332470, 1.571225, 19.585122, -21.786166
0.662500, 0.353600, 1.570796, 0.332470, 1.571225, 19.585363, -21.786130
0.665000, 0.353600, 1.570796, 0.332470, 1.571225, 19.585599, -21.786095
0.667500, 0.353600, 1.570796, 0.332469, 1.571225, 19.585831, -21.786063
0.670000, 0.353600, 1.570796, 0.332469, 1.571225, 19.586058, -21.786032
0.672500, 0.353600, 1.570796, 0.332469, 1.571225, 19.586282, -21.786003
0.675000, 0.353600, 1.570796, 0.332469, 1.571225, 19.586501, -21.785976
0.677500, 0.353600, 1.570796, 0.332469, 1.571225, 19.586717, -21.785950
0.680000, 0.353600, 1.570796, 0.332469, 1.571225, 19.586929, -21.785926
0.682500, 0.353600, 1.570796, 0.332468, 1.571225, 19.587137, -21.785903
0.685000, 0.353600, 1.570796, 0.332468, 1.571225, 19.587342, -21.785882
0.687500, 0.353600, 1.570796, 0.332468, 1.571224, 19.587544, -21.785862
0.690000, 0.353600, 1.570796, 0.332468, 1.571224, 19.587743, -21.785842
0.692500, 0.353600, 1.570796, 0.332468, 1.571224, 19.587938, -21.785824
0.695000, 0.353600, 1.570796, 0.332468, 1.571224, 19.588131, -21.785808
0.697500, 0.353600, 1.570796, 0.332467, 1.571224, 19.588320, -21.785791
0.700000, 0.353600, 1.570796, 0.332467, 1.571224, 19.588507, -21.785776
0.702500, 0.353600, 1.570796, 0.332467, 1.571224, 19.588692, -21.785762
0.705000, 0.353600, 1.570796, 0.332467, 1.571224, 19.588874, -21.785748
0.707500, 0.353600, 1.570796, 0.332467, 1.571224, 19.589053, -21.785735
0.710000, 0.353600, 1.570796, 0.332467, 1.571224, 19.589230, -21.785722
0.712500, 0.353600, 1.570796, 0.332467, 1.571224, 19.589405, -21.785710
0.715000, 0.353600, 1.570796, 0.332467, 1.571224, 19.589578, -21.785698
0.717500, 0.353600, 1.570796, 0.332466, 1.571224, 19.589749, -21.785687
0.720000, 0.353600, 1.570796, 0.332466, 1.571224, 19.589917, -21.785676
0.722500, 0.353600, 1.570796, 0.332466, 1.571224, 19.590084, -21.785665
0.725000, 0.353600, 1.570796, 0.332466, 1.571224, 19.590249, -21.785655
0.727500, 0.353600, 1.570796, 0.332466, 1.571224, 19.590412, -21.785644
0.730000, 0.353600, 1.570796, 0.332466, 1.571224, 19.590573, -21.785634
0.732500, 0.353600, 1.570796, 0.332466, 1.571224, 19.590733, -21.785623
0.735000, 0.353600, 1.570796, 0.332466, 1.571224, 19.590891, -21.785613
0.737500, 0.353600, 1.570796, 0.332466, 1.571224, 19.591047, -21.785602
0.740000, 0.353600, 1.570796, 0.332465, 1.571224, 19.591202, -21.785591
0.742500, 0.353600, 1.570796, 0.332465, 1.571223, 19.591355, -21.785580
0.745000, 0.353600, 1.570796, 0.332465, 1.571223, 19.591507, -21.785569
0.747500, 0.353600, 1.570796, 0.332465, 1.571223, 19.591658, -21.785558
0.750000, 0.353600, 1.570796, 0.332465, 1.571223, 19.591807, -21.785546
0.752500, 0.353600, 1.570796, 0.332465, 1.571223, 19.591955, -21.785534
0.755000, 0.353600, 1.570796, 0.332465, 1.571223, 19.592102, -21.785522
0.757500, 0.353600, 1.570796, 0.332465, 1.571223, 19.592247, -21.785509
0.760000, 0.353600, 1.570796, 0.332465, 1.571223, 19.592391, -21.785496
0.762500, 0.353600, 1.570796, 0.332465, 1.571223, 19.592534, -21.785483
0.765000, 0.353600, 1.570796, 0.332464, 1.571223, 19.592676, -21.785469
0.767500, 0.353600, 1.570796, 0.332464, 1.571223, 19.592817, -21.785455
0.770000, 0.353600, 1.570796, 0.332464, 1.571223, 19.592957, -21.785440
0.772500, 0.353600, 1.570796, 0.332464, 1.571223, 19.593095, -21.785425
0.775000, 0.353600, 1.570796, 0.332464, 1.571223, 19.593233, -21.785409
0.777500, 0.353600, 1.570796, 0.332464, 1.571223, 19.593370, -21.785392
0.780000, 0.353600, 1.570796, 0.332464, 1.571223, 19.593505, -21.785376
0.782500, 0.353600, 1.570796, 0.332464, 1.571223, 19.593640, -21.785358
0.785000, 0.353600, 1.570796, 0.332464, 1.571223, 19.593774, -21.785340
0.787500, 0.353600, 1.570796, 0.332464, 1.571223, 19.593906, -21.785322
0.790000, 0.353600, 1.570796, 0.332464, 1.571223, 19.594038, -21.785303
0.792500, 0.353600, 1.570796, 0.332464, 1.571223, 19.594169, -21.785283
0.795000, 0.353600, 1.570796, 0.332463, 1.571223, 19.594299, -21.785263
0.797500, 0.353600, 1.570796, 0.332463, 1.571223, 19.594428, -21.785242
0.800000, 0.353600, 1.570796, 0.332463, 1.571223, 19.594557, -21.785221
0.802500, 0.353600, 1.570796, 0.332463, 1.571223, 19.594684, -21.785199
0.805000, 0.353600, 1.570796, 0.332463, 1.571223, 19.594811, -21.785176
0.807500, 0.353600, 1.570796, 0.332463, 1.571223, 19.594937, -21.785153
0.810000, 0.353600, 1.570796, 0.332463, 1.571223, 19.595062, -21.785129
0.812500, 0.353600, 1.570796, 0.332463, 1.571223, 19.595186, -21.785105
0.815000, 0.353600, 1.570796, 0.332463, 1.571222, 19.595310, -21.785080
0.817500, 0.353600, 1.570796, 0.332463, 1.571222, 19.595432, -21.785055
0.820000, 0.353600, 1.570796, 0.332463, 1.571222, 19.595554, -21.785029
0.822500, 0.353600, 1.570796, 0.332463, 1.571222, 19.595676, -21.785003
0.825000, 0.353600, 1.570796, 0.332463, 1.571222, 19.595796, -21.784975
0.827500, 0.353600, 1.570796, 0.332463, 1.571222, 19.595916, -21.784948
0.830000, 0.353600, 1.570796, 0.332463, 1.571222, 19.596035, -21.784920
0.832500, 0.353600, 1.570796, 0.332462, 1.571222, 19.596154, -21.784891
0.835000, 0.353600, 1.570796, 0.332462, 1.571222, 19.596271, -21.784862
0.837500, 0.353600, 1.570796, 0.332462, 1.571222, 19.596388, -21.784832
0.840000, 0.353600, 1.570796, 0.332462, 1.571222, 19.596505, -21.784802
0.842500, 0.353600, 1.570796, 0.332462, 1.571222, 19.596620, -21.784771
0.845000, 0.353600, 1.570796, 0.332462, 1.571222, 19.596735, -21.784740
0.847500, 0.353600, 1.570796, 0.332462, 1.571222, 19.596850, -21.784708
0.850000, 0.353600, 1.570796, 0.332462, 1.571222, 19.596963, -21.784675
0.852500, 0.353600, 1.570796, 0.332462, 1.571222, 19.597077, -21.784643
0.855000, 0.353600, 1.570796, 0.332462, 1.571222, 19.597189, -21.784609
0.857500, 0.353600, 1.570796, 0.332462, 1.571222, 19.597301, -21.784576
0.860000, 0.353600, 1.570796, 0.332462, 1.571222, 19.597412, -21.784541
0.862500, 0.353600, 1.570796, 0.332462, 1.571222, 19.597523, -21.784507
0.865000, 0.353600, 1.570796, 0.332462, 1.571222, 19.597633, -21.784472
0.867500, 0.353600, 1.570796, 0.332462, 1.571222, 19.597742, -21.784436
0.870000, 0.353600, 1.570796, 0.332462, 1.571222, 19.597851, -21.784400
0.872500, 0.353600, 1.570796, 0.332462, 1.571222, 19.597959, -21.784364
0.875000, 0.353600, 1.570796, 0.332461, 1.571222, 19.598067, -21.784327
0.877500, 0.353600, 1.570796, 0.332461, 1.571222, 19.598174, -21.784290
0.880000, 0.353600, 1.570796, 0.332461, 1.571222, 19.598280, -21.784252
0.882500, 0.353600, 1.570796, 0.332461, 1.571222, 19.598386, -21.784214
0.885000, 0.353600, 1.570796, 0.332461, 1.571222, 19.598492, -21.784176
0.887500, 0.353600, 1.570796, 0.332461, 1.571222, 19.598597, -21.784137
0.890000, 0.353600, 1.570796, 0.332461, 1.571222, 19.598701, -21.784098
0.892500, 0.353600, 1.570796, 0.332461, 1.571222, 19.598805, -21.784059
0.895000, 0.353600, 1.570796, 0.332461, 1.571222, 19.598908, -21.784019
0.897500, 0.353600, 1.570796, 0.332461, 1.571222, 19.599011, -21.783979
0.900000, 0.353600, 1.570796, 0.332461, 1.571221, 19.599113, -21.783938
0.902500, 0.353600, 1.570796, 0.332461, 1.571221, 19.599215, -21.783898
0.905000, 0.353600, 1.570796, 0.332461, 1.571221, 19.599316, -21.783856
0.907500, 0.353600, 1.570796, 0.332461, 1.571221, 19.599417, -21.783815
0.910000, 0.353600, 1.570796, 0.332461, 1.571221, 19.599517, -21.783773
0.912500, 0.353600, 1.570796, 0.332461, 1.571221, 19.599617, -21.783731
0.915000, 0.353600, 1.570796, 0.332461, 1.571221, 19.599717, -21.783689
0.917500, 0.353600, 1.570796, 0.332461, 1.571221, 19.599815, -21.783646
0.920000, 0.353600, 1.570796, 0.332461, 1.571221, 19.599914, -21.783603
0.922500, 0.353600, 1.570796, 0.332461, 1.571221, 19.600012, -21.783560
0.925000, 0.353600, 1.570796, 0.332461, 1.571221, 19.600109, -21.783517
0.927500, 0.353600, 1.570796, 0.332461, 1.571221, 19.600206, -21.783473
0.930000, 0.353600, 1.570796, 0.332461, 1.571221, 19.600303, -21.783429
0.932500, 0.353600, 1.570796, 0.332460, 1.571221, 19.600399, -21.783385
0.935000, 0.353600, 1.570796, 0.332460, 1.571221, 19.600495, -21.783340
0.937500, 0.353600, 1.570796, 0.332460, 1.571221, 19.600590, -21.783295
0.940000, 0.353600, 1.570796, 0.332460, 1.571221, 19.600685, -21.783250
0.942500, 0.353600, 1.570796, 0.332460, 1.571221, 19.600780, -21.783205
0.945000, 0.353600, 1.570796, 0.332460, 1.571221, 19.600874, -21.783160
0.947500, 0.353600, 1.570796, 0.332460, 1.571221, 19.600968, -21.783114
0.950000, 0.353600, 1.570796, 0.332460, 1.571221, 19.601061, -21.783068
0.952500, 0.353600, 1.570796, 0.332460, 1.571221, 19.601154, -21.783022
0.955000, 0.353600, 1.570796, 0.332460, 1.571221, 19.601246, -21.782976
0.957500, 0.353600, 1.570796, 0.332460, 1.571221, 19.601339, -21.782929
0.960000, 0.353600, 1.570796, 0.332460, 1.571221, 19.601430, -21.782883
0.962500, 0.353600, 1.570796, 0.332460, 1.571221, 19.601522, -21.782836
0.965000, 0.353600, 1.570796, 0.332460, 1.571221, 19.601613, -21.782789
0.967500, 0.353600, 1.570796, 0.332460, 1.571221, 19.601703, -21.782741
0.970000, 0.353600, 1.570796, 0.332460, 1.571221, 19.601794, -21.782694
0.972500, 0.353600, 1.570796, 0.332460, 1.571221, 19.601884, -21.782646
0.975000, 0.353600, 1.570796, 0.332460, 1.571221, 19.601973, -21.782599
0.977500, 0.353600, 1.570796, 0.332460, 1.571221, 19.602063, -21.782551
0.980000, 0.353600, 1.570796, 0.332460, 1.571221, 19.602152, -21.782502
0.982500, 0.353600, 1.570796, 0.332460, 1.571221, 19.602240, -21.782454
0.985000, 0.353600, 1.570796, 0.332460, 1.571221, 19.602328, -21.782406
0.987500, 0.353600, 1.570796, 0.332460, 1.571221, 19.602416, -21.782357
0.990000, 0.353600, 1.570796, 0.332460, 1.571220, 19.602504, -21.782308
0.992500, 0.353600, 1.570796, 0.332460, 1.571220, 19.602591, -21.782259
0.995000, 0.353600, 1.570796, 0.332460, 1.571220, 19.602678, -21.782210
0.997500, 0.353600, 1.570796, 0.332460, 1.571220, 19.602765, -21.782161
1.000000, 0.353600, 1.570796, 0.332460, 1.571220, 19.602851, -21.782112
1.002500, 0.353600, 1.570796, 0.332460, 1.571220, 19.602938, -21.782062
1.005000, 0.353600, 1.570796, 0.332460, 1.571220, 19.603023, -21.782013
1.007500, 0.353600, 1.570796, 0.332460, 1.571220, 19.603109, -21.781963
1.010000, 0.353600, 1.570796, 0.332460, 1.571220, 19.603194, -21.781913
1.012500, 0.353600, 1.570796, 0.332460, 1.571220, 19.603279, -21.781863
1.015000, 0.353600, 1.570796, 0.332459, 1.571220, 19.603364, -21.781813
1.017500, 0.353600, 1.570796, 0.332459, 1.571220, 19.603448, -21.781763
1.020000, 0.353600, 1.570796, 0.332459, 1.571220, 19.603532, -21.781712
1.022500, 0.353600, 1.570796, 0.332459, 1.571220, 19.603616, -21.781662
1.025000, 0.353600, 1.570796, 0.332459, 1.571220, 19.603699, -21.781611
1.027500, 0.353600, 1.570796, 0.332459, 1.571220, 19.603783, -21.781560
1.030000, 0.353600, 1.570796, 0.332459, 1.571220, 19.603866, -21.781509
1.032500, 0.353600, 1.570796, 0.332459, 1.571220, 19.603949, -21.781458
1.035000, 0.353600, 1.570796, 0.332459, 1.571220, 19.604031, -21.781407
1.037500, 0.353600, 1.570796, 0.332459, 1.571220, 19.604113, -21.781356
1.040000, 0.353600, 1.570796, 0.332459, 1.571220, 19.604195, -21.781305
1.042500, 0.353600, 1.570796, 0.332459, 1.571220, 19.604277, -21.781254
1.045000, 0.353600, 1.570796, 0.332459, 1.571220, 19.604359, -21.781202
1.047500, 0.353600, 1.570796, 0.332459, 1.571220, 19.604440, -21.781151
1.050000, 0.353600, 1.570796, 0.332459, 1.571220, 19.604521, -21.781099
1.052500, 0.353600, 1.570796, 0.332459, 1.571220, 19.604602, -21.781047
1.055000, 0.353600, 1.570796, 0.332459, 1.571220, 19.604683, -21.780995
1.057500, 0.353600, 1.570796, 0.332459, 1.571220, 19.604763, -21.780944
1.060000, 0.353600, 1.570796, 0.332459, 1.571220, 19.604843, -21.780892
1.062500, 0.353600, 1.570796, 0.332459, 1.571220, 19.604923, -21.780840
1.065000, 0.353600, 1.570796, 0.332459, 1.571220, 19.605003, -21.780787
1.067500, 0.353600, 1.570796, 0.332459, 1.571220, 19.605082, -21.780735
1.070000, 0.353600, 1.570796, 0.332459, 1.571220, 19.605162, -21.780683
1.072500, 0.353600, 1.570796, 0.332459, 1.571220, 19.605241, -21.780630
1.075000, 0.353600, 1.570796, 0.332459, 1.571220, 19.605320, -21.780578
1.077500, 0.353600, 1.570796, 0.332459, 1.571220, 19.605398, -21.780525
1.080000, 0.353600, 1.570796, 0.332459, 1.571220, 19.605477, -21.780473
1.082500, 0.353600, 1.570796, 0.332459, 1.571220, 19.605555, -21.780420
1.085000, 0.353600, 1.570796, 0.332459, 1.571219, 19.605633, -21.780367
1.087500, 0.353600, 1.570796, 0.332459, 1.571219, 19.605711, -21.780315
1.090000, 0.353600, 1.570796, 0.332459, 1.571219, 19.605789, -21.780262
1.092500, 0.353600, 1.570796, 0.332459, 1.571219, 19.605866, -21.780209
1.095000, 0.353600, 1.570796, 0.332459, 1.571219, 19.605944, -21.780156
1.097500, 0.353600, 1.570796, 0.332459, 1.571219, 19.606021, -21.780103
1.100000, 0.353600, 1.570796, 0.332459, 1.571219, 19.606098, -21.780050
1.102500, 0.353600, 1.570796, 0.332459, 1.571219, 19.606175, -21.779996
1.105000, 0.353600, 1.570796, 0.332459, 1.571219, 19.606251, -21.779943
1.107500, 0.353600, 1.570796, 0.332459, 1.571219, 19.606328, -21.779890
1.110000, 0.353600, 1.570796, 0.332459, 1.571219, 19.606404, -21.779837
1.112500, 0.353600, 1.570796, 0.332459, 1.571219, 19.606480, -21.779783
1.115000, 0.353600, 1.570796, 0.332459, 1.571219, 19.606556, -21.779730
1.117500, 0.353600, 1.570796, 0.332459, 1.571219, 19.606632, -21.779676
1.120000, 0.353600, 1.570796, 0.332459, 1.571219, 19.606707, -21.779623
1.122500, 0.353600, 1.570796, 0.332459, 1.571219, 19.606783, -21.779569
1.125000, 0.353600, 1.570796, 0.332459, 1.571219, 19.606858, -21.779515
1.127500, 0.353600, 1.570796, 0.332459, 1.571219, 19.606933, -21.779462
1.130000, 0.353600, 1.570796, 0.332459, 1.571219, 19.607008, -21.779408
1.132500, 0.353600, 1.570796, 0.332459, 1.571219, 19.607083, -21.779354
1.135000, 0.353600, 1.570796, 0.332459, 1.571219, 19.607158, -21.779300
1.137500, 0.353600, 1.570796, 0.332459, 1.571219, 19.607232, -21.779247
1.140000, 0.353600, 1.570796, 0.332459, 1.571219, 19.607307, -21.779193
1.142500, 0.353600, 1.570796, 0.332459, 1.571219, 19.607381, -21.779139
1.145000, 0.353600, 1.570796, 0.332459, 1.571219, 19.607455, -21.779085
1.147500, 0.353600, 1.570796, 0.332459, 1.571219, 19.607529, -21.779031
1.150000, 0.353600, 1.570796, 0.332459, 1.571219, 19.607602, -21.778977
1.152500, 0.353600, 1.570796, 0.332458, 1.571219, 19.607676, -21.778923
1.155000, 0.353600, 1.570796, 0.332458, 1.571219, 19.607750, -21.778869
1.157500, 0.353600, 1.570796, 0.332458, 1.571219, 19.607823, -21.778814
1.160000, 0.353600, 1.570796, 0.332458, 1.571219, 19.607896, -21.778760
1.162500, 0.353600, 1.570796, 0.332458, 1.571219, 19.607969, -21.778706
1.165000, 0.353600, 1.570796, 0.332458, 1.571219, 19.608042, -21.778652
1.167500, 0.353600, 1.570796, 0.332458, 1.571219, 19.608115, -21.778598
1.170000, 0.353600, 1.570796, 0.332458, 1.571219, 19.608188, -21.778543
1.172500, 0.353600, 1.570796, 0.332458, 1.571219, 19.608260, -21.778489
1.175000, 0.353600, 1.570796, 0.332458, 1.571219, 19.608332, -21.778435
1.177500, 0.353600, 1.570796, 0.332458, 1.571219, 19.608405, -21.778380
1.180000, 0.353600, 1.570796, 0.332458, 1.571219, 19.608477, -21.778326
1.182500, 0.353600, 1.570796, 0.332458, 1.571218, 19.608549, -21.778272
1.185000, 0.353600, 1.570796, 0.332458, 1.571218, 19.608621, -21.778217
1.187500, 0.353600, 1.570796, 0.332458, 1.571218, 19.608693, -21.778163
1.190000, 0.353600, 1.570796, 0.332458, 1.571218, 19.608764, -21.778108
1.192500, 0.353600, 1.570796, 0.332458, 1.571218, 19.608836, -21.778054
1.195000, 0.353600, 1.570796, 0.332458, 1.571218, 19.608907, -21.777999
1.197500, 0.353600, 1.570796, 0.332458, 1.571218, 19.608978, -21.777945
1.200000, 0.353600, 1.570796, 0.332458, 1.571218, 19.609050, -21.777890
1.202500, 0.353600, 1.570796, 0.332458, 1.571218, 19.609121, -21.777836
1.205000, 0.353600, 1.570796, 0.332458, 1.571218, 19.609192, -21.777781
1.207500, 0.353600, 1.570796, 0.332458, 1.571218, 19.609262, -21.777726
1.210000, 0.353600, 1.570796, 0.332458, 1.571218, 19.609333, -21.777672
1.212500, 0.353600, 1.570796, 0.332458, 1.571218, 19.609404, -21.777617
1.215000, 0.353600, 1.570796, 0.332458, 1.571218, 19.609474, -21.777562
1.217500, 0.353600, 1.570796, 0.332458, 1.571218, 19.609545, -21.777508
1.220000, 0.353600, 1.570796, 0.332458, 1.571218, 19.609615, -21.777453
1.222500, 0.353600, 1.570796, 0.332458, 1.571218, 19.609685, -21.777398
1.225000, 0.353600, 1.570796, 0.332458, 1.571218, 19.609755, -21.777344
1.227500, 0.353600, 1.570796, 0.332458, 1.571218, 19.609825, -21.777289
1.230000, 0.353600, 1.570796, 0.332458, 1.571218, 19.609895, -21.777234
1.232500, 0.353600, 1.570796, 0.332458, 1.571218, 19.609965, -21.777180
1.235000, 0.353600, 1.570796, 0.332458, 1.571218, 19.610034, -21.777125
1.237500, 0.353600, 1.570796, 0.332458, 1.571218, 19.610104, -21.777070
1.240000, 0.353600, 1.570796, 0.332458, 1.571218, 19.610173, -21.777015
1.242500, 0.353600, 1.570796, 0.332458, 1.571218, 19.610243, -21.776961
1.245000, 0.353600, 1.570796, 0.332458, 1.571218, 19.610312, -21.776906
1.247500, 0.353600, 1.570796, 0.332458, 1.571218, 19.610381, -21.776851
1.250000, 0.353600, 1.570796, 0.332458, 1.571218, 19.610450, -21.776796
1.252500, 0.353600, 1.570796, 0.332458, 1.571218, 19.610519, -21.776742
1.255000, 0.353600, 1.570796, 0.332458, 1.571218, 19.610588, -21.776687
1.257500, 0.353600, 1.570796, 0.332458, 1.571218, 19.610657, -21.776632
1.260000, 0.353600, 1.570796, 0.332458, 1.571218, 19.610725, -21.776577
1.262500, 0.353600, 1.570796, 0.332458, 1.571218, 19.610794, -21.776522
1.265000, 0.353600, 1.570796, 0.332458, 1.571218, 19.610863, -21.776468
1.267500, 0.353600, 1.570796, 0.332458, 1.571218, 19.610931, -21.776413
1.270000, 0.353600, 1.570796, 0.332458, 1.571218, 19.610999, -21.776358
1.272500, 0.353600, 1.570796, 0.332458, 1.571218, 19.611067, -21.776303
1.275000, 0.353600, 1.570796, 0.332458, 1.571218, 19.611136, -21.776248
1.277500, 0.353600, 1.570796, 0.332458, 1.571218, 19.611204, -21.776194
1.280000, 0.353600, 1.570796, 0.332458, 1.571218, 19.611272, -21.776139
1.282500, 0.353600, 1.570796, 0.332458, 1.571218, 19.611339, -21.776084
1.285000, 0.353600, 1.570796, 0.332458, 1.571217, 19.611407, -21.776029
1.287500, 0.353600, 1.570796, 0.332458, 1.571217, 19.611475, -21.775975
1.290000, 0.353600, 1.570796, 0.332458, 1.571217, 19.611543, -21.775920
1.292500, 0.353600, 1.570796, 0.332458, 1.571217, 19.611610, -21.775865
1.295000, 0.353600, 1.570796, 0.332458, 1.571217, 19.611677, -21.775810
1.297500, 0.353600, 1.570796, 0.332458, 1.571217, 19.611745, -21.775755
1.300000, 0.353600, 1.570796, 0.332458, 1.571217, 19.611812, -21.775701
1.302500, 0.353600, 1.570796, 0.332458, 1.571217, 19.611879, -21.775646
1.305000, 0.353600, 1.570796, 0.332458, 1.571217, 19.611946, -21.775591
1.307500, 0.353600, 1.570796, 0.332458, 1.571217, 19.612013, -21.775536
1.310000, 0.353600, 1.570796, 0.332458, 1.571217, 19.612080, -21.775482
1.312500, 0.353600, 1.570796, 0.332458, 1.571217, 19.612147, -21.775427
1.315000, 0.353600, 1.570796, 0.332458, 1.571217, 19.612214, -21.775372
1.317500, 0.353600, 1.570796, 0.332458, 1.571217, 19.612281, -21.775317
1.320000, 0.353600, 1.570796, 0.332458, 1.571217, 19.612347, -21.775263
1.322500, 0.353600, 1.570796, 0.332458, 1.571217, 19.612414, -21.775208
1.325000, 0.353600, 1.570796, 0.332458, 1.571217, 19.612480, -21.775153
1.327500, 0.353600, 1.570796, 0.332458, 1.571217, 19.612547, -21.775099
1.330000, 0.353600, 1.570796, 0.332458, 1.571217, 19.612613, -21.775044
1.332500, 0.353600, 1.570796, 0.332458, 1.571217, 19.612679, -21.774989
1.335000, 0.353600, 1.570796, 0.332458, 1.571217, 19.612746, -21.774935
1.337500, 0.353600, 1.570796, 0.332458, 1.571217, 19.612812, -21.774880
1.340000, 0.353600, 1.570796, 0.332458, 1.571217, 19.612878, -21.774825
1.342500, 0.353600, 1.570796, 0.332458, 1.571217, 19.612944, -21.774771
1.345000, 0.353600, 1.570796, 0.332458, 1.571217, 19.613010, -21.774716
1.347500, 0.353600, 1.570796, 0.332458, 1.571217, 19.613075, -21.774661
1.350000, 0.353600, 1.570796, 0.332458, 1.571217, 19.613141, -21.774607
1.352500, 0.353600, 1.570796, 0.332458, 1.571217, 19.613207, -21.774552
1.355000, 0.353600, 1.570796, 0.332458, 1.571217, 19.613272, -21.774497
1.357500, 0.353600, 1.570796, 0.332458, 1.571217, 19.613338, -21.774443
1.360000, 0.353600, 1.570796, 0.332458, 1.571217, 19.613403, -21.774388
1.362500, 0.353600, 1.570796, 0.332458, 1.571217, 19.613469, -21.774334
1.365000, 0.353600, 1.570796, 0.332458, 1.571217, 19.613534, -21.774279
1.367500, 0.353600, 1.570796, 0.332458, 1.571217, 19.613599, -21.774225
1.370000, 0.353600, 1.570796, 0.332458, 1.571217, 19.613665, -21.774170
1.372500, 0.353600, 1.570796, 0.332458, 1.571217, 19.613730, -21.774116
1.375000, 0.353600, 1.570796, 0.332458, 1.571217, 19.613795, -21.774061
1.377500, 0.353600, 1.570796, 0.332458, 1.571217, 19.613860, -21.774007
1.380000, 0.353600, 1.570796, 0.332458, 1.571217, 19.613925, -21.773952
1.382500, 0.353600, 1.570796, 0.332458, 1.571217, 19.613989, -21.773898
1.385000, 0.353600, 1.570796, 0.332458, 1.571217, 19.614054, -21.773843
1.387500, 0.353600, 1.570796, 0.332458, 1.571217, 19.614119, -21.773789
1.390000, 0.353600, 1.570796, 0.332458, 1.571216, 19.614184, -21.773735
1.392500, 0.353600, 1.570796, 0.332458, 1.571216, 19.614248, -21.773680
1.395000, 0.353600, 1.570796, 0.332458, 1.571216, 19.614313, -21.773626
1.397500, 0.353600, 1.570796, 0.332458, 1.571216, 19.614377, -21.773571
1.400000, 0.353600, 1.570796, 0.332458, 1.571216, 19.614442, -21.773517
1.402500, 0.353600, 1.570796, 0.332458, 1.571216, 19.614506, -21.773463
1.405000, 0.353600, 1.570796, 0.332458, 1.571216, 19.614570, -21.773408
1.407500, 0.353600, 1.570796, 0.332458, 1.571216, 19.614634, -21.773354
1.410000, 0.353600, 1.570796, 0.332458, 1.571216, 19.614699, -21.773300
1.412500, 0.353600, 1.570796, 0.332458, 1.571216, 19.614763, -21.773246
1.415000, 0.353600, 1.570796, 0.332458, 1.571216, 19.614827, -21.773191
1.417500, 0.353600, 1.570796, 0.332458, 1.571216, 19.614891, -21.773137
1.420000, 0.353600, 1.570796, 0.332458, 1.571216, 19.614955, -21.773083
1.422500, 0.353600, 1.570796, 0.332458, 1.571216, 19.615018, -21.773029
1.425000, 0.353600, 1.570796, 0.332458, 1.571216, 19.615082, -21.772974
1.427500, 0.353600, 1.570796, 0.332457, 1.571216, 19.615146, -21.772920
1.430000, 0.353600, 1.570796, 0.332457, 1.571216, 19.615210, -21.772866
1.432500, 0.353600, 1.570796, 0.332457, 1.571216, 19.615273, -21.772812
1.435000, 0.353600, 1.570796, 0.332457, 1.571216, 19.615337, -21.772758
1.437500, 0.353600, 1.570796, 0.332457, 1.571216, 19.615400, -21.772704
1.440000, 0.353600, 1.570796, 0.332457, 1.571216, 19.615464, -21.772650
1.442500, 0.353600, 1.570796, 0.332457, 1.571216, 19.615527, -21.772596
1.445000, 0.353600, 1.570796, 0.332457, 1.571216, 19.615590, -21.772542
1.447500, 0.353600, 1.570796, 0.332457, 1.571216, 19.615654, -21.772488
1.450000, 0.353600, 1.570796, 0.332457, 1.571216, 19.615717, -21.772434
1.452500, 0.353600, 1.570796, 0.332457, 1.571216, 19.615780, -21.772380
1.455000, 0.353600, 1.570796, 0.332457, 1.571216, 19.615843, -21.772326
1.457500, 0.353600, 1.570796, 0.332457, 1.571216, 19.615906, -21.772272
1.460000, 0.353600, 1.570796, 0.332457, 1.571216, 19.615969, -21.772218
1.462500, 0.353600, 1.570796, 0.332457, 1.571216, 19.616032, -21.772164
1.465000, 0.353600, 1.570796, 0.332457, 1.571216, 19.616095, -21.772110
1.467500, 0.353600, 1.570796, 0.332457, 1.571216, 19.616157, -21.772056
1.470000, 0.353600, 1.570796, 0.332457, 1.571216, 19.616220, -21.772002
1.472500, 0.353600, 1.570796, 0.332457, 1.571216, 19.616283, -21.771948
1.475000, 0.353600, 1.570796, 0.332457, 1.571216, 19.616345, -21.771895
1.477500, 0.353600, 1.570796, 0.332457, 1.571216, 19.616408, -21.771841
1.480000, 0.353600, 1.570796, 0.332457, 1.571216, 19.616471, -21.771787
1.482500, 0.353600, 1.570796, 0.332457, 1.571216, 19.616533, -21.771733
1.485000, 0.353600, 1.570796, 0.332457, 1.571216, 19.616595, -21.771680
1.487500, 0.353600, 1.570796, 0.332457, 1.571216, 19.616658, -21.771626
1.490000, 0.353600, 1.570796, 0.332457, 1.571216, 19.616720, -21.771572
1.492500, 0.353600, 1.570796, 0.332457, 1.571216, 19.616782, -21.771518
1.495000, 0.353600, 1.570796, 0.332457, 1.571216, 19.616845, -21.771465
1.497500, 0.353600, 1.570796, 0.332457, 1.571216, 19.616907, -21.771411
1.500000, 0.353600, 1.570796, 0.332457, 1.571215, 19.616969, -21.771358
1.502500, 0.353591, 1.570796, 0.332457, 1.571215, 19.482192, -21.639175
1.505000, 0.353562, 1.570796, 0.332457, 1.571216, 19.204665, -21.388472
1.507500, 0.353515, 1.570796, 0.332456, 1.571217, 18.875646, -21.125329
1.510000, 0.353448, 1.570796, 0.332453, 1.571220, 18.521661, -20.865071
1.512500, 0.353363, 1.570796, 0.332447, 1.571222, 18.187517, -20.583434
1.515000, 0.353259, 1.570796, 0.332438, 1.571225, 17.879357, -20.280215
1.517500, 0.353136, 1.570796, 0.332424, 1.571228, 17.574337, -19.975140
1.520000, 0.352994, 1.570796, 0.332404, 1.571230, 17.263971, -19.675235
1.522500, 0.352834, 1.570796, 0.332377, 1.571232, 16.951285, -19.377927
1.525000, 0.352654, 1.570796, 0.332343, 1.571235, 16.639278, -19.080869
1.527500, 0.352456, 1.570796, 0.332301, 1.571238, 16.328293, -18.784152
1.530000, 0.352240, 1.570796, 0.332249, 1.571240, 16.017985, -18.488593
1.532500, 0.352004, 1.570796, 0.332188, 1.571243, 15.708497, -18.194699
1.535000, 0.351750, 1.570796, 0.332117, 1.571245, 15.400318, -17.902761
1.537500, 0.351478, 1.570796, 0.332035, 1.571248, 15.093946, -17.613107
1.540000, 0.351187, 1.570796, 0.331941, 1.571251, 14.789816, -17.326145
1.542500, 0.350878, 1.570796, 0.331836, 1.571253, 14.488352, -17.042311
1.545000, 0.350551, 1.570796, 0.331717, 1.571256, 14.189988, -16.762028
1.547500, 0.350205, 1.570796, 0.331585, 1.571259, 13.895160, -16.485711
1.550000, 0.349841, 1.570796, 0.331440, 1.571262, 13.604295, -16.213763
1.552500, 0.349459, 1.570796, 0.331280, 1.571265, 13.317802, -15.946582
1.555000, 0.349060, 1.570796, 0.331105, 1.571268, 13.036075, -15.684548
1.557500, 0.348642, 1.570796, 0.330915, 1.571271, 12.759487, -15.428027
1.560000, 0.348207, 1.570796, 0.330709, 1.571274, 12.488395, -15.177364
1.562500, 0.347754, 1.570796, 0.330486, 1.571277, 12.223135, -14.932887
1.565000, 0.347284, 1.570796, 0.330247, 1.571281, 11.964017, -14.694905
1.567500, 0.346796, 1.570796, 0.329991, 1.571284, 11.711335, -14.463702
1.570000, 0.346291, 1.570796, 0.329718, 1.571287, 11.465356, -14.239546
1.572500, 0.345769, 1.570796, 0.329426, 1.571291, 11.226327, -14.022681
1.575000, 0.345229, 1.570796, 0.329117, 1.571294, 10.994473, -13.813331
1.577500, 0.344673, 1.570796, 0.328789, 1.571298, 10.769994, -13.611698
1.580000, 0.344100, 1.570796, 0.328442, 1.571301, 10.553073, -13.417963
1.582500, 0.343511, 1.570796, 0.328076, 1.571305, 10.343868, -13.232288
1.585000, 0.342905, 1.570796, 0.327691, 1.571308, 10.142518, -13.054814
1.587500, 0.342283, 1.570796, 0.327286, 1.571312, 9.952401, -12.882509
1.590000, 0.341644, 1.570796, 0.326861, 1.571315, 9.789869, -12.699188
1.592500, 0.340990, 1.570796, 0.326417, 1.571318, 9.628678, -12.529064
1.595000, 0.340320, 1.570796, 0.325952, 1.571321, 9.464732, -12.376699
1.597500, 0.339634, 1.570796, 0.325468, 1.571324, 9.306057, -12.235532
1.600000, 0.338933, 1.570796, 0.324963, 1.571326, 9.155686, -12.103051
1.602500, 0.338216, 1.570796, 0.324437, 1.571329, 9.012730, -11.980028
1.605000, 0.337484, 1.570796, 0.323891, 1.571332, 8.874674, -11.873176
1.607500, 0.336737, 1.570796, 0.323324, 1.571336, 8.743958, -11.778270
1.610000, 0.335975, 1.570796, 0.322737, 1.571339, 8.624693, -11.688030
1.612500, 0.335199, 1.570796, 0.322128, 1.571343, 8.514467, -11.603985
1.615000, 0.334409, 1.570796, 0.321499, 1.571347, 8.410937, -11.528190
1.617500, 0.333604, 1.570796, 0.320849, 1.571350, 8.314060, -11.460771
1.620000, 0.332785, 1.570796, 0.320179, 1.571354, 8.224512, -11.401192
1.622500, 0.331952, 1.570796, 0.319488, 1.571358, 8.142588, -11.349196
1.625000, 0.331106, 1.570796, 0.318776, 1.571363, 8.068264, -11.304759
1.627500, 0.330246, 1.570796, 0.318045, 1.571367, 8.001483, -11.267850
1.630000, 0.329373, 1.570796, 0.317293, 1.571371, 7.942220, -11.238385
1.632500, 0.328487, 1.570796, 0.316520, 1.571375, 7.890430, -11.216266
1.635000, 0.327589, 1.570796, 0.315728, 1.571380, 7.846034, -11.201405
1.637500, 0.326678, 1.570796, 0.314916, 1.571384, 7.808919, -11.193717
1.640000, 0.325754, 1.570796, 0.314085, 1.571389, 7.778957, -11.193115
1.642500, 0.324819, 1.570796, 0.313233, 1.571394, 7.756009, -11.199503
1.645000, 0.323871, 1.570796, 0.312363, 1.571398, 7.739924, -11.212779
1.647500, 0.322912, 1.570796, 0.311473, 1.571403, 7.730545, -11.232837
1.650000, 0.321942, 1.570796, 0.310564, 1.571408, 7.727710, -11.259561
1.652500, 0.320960, 1.570796, 0.309636, 1.571413, 7.731255, -11.292830
1.655000, 0.319968, 1.570796, 0.308690, 1.571417, 7.741014, -11.332516
1.657500, 0.318965, 1.570796, 0.307725, 1.571422, 7.756826, -11.378484
1.660000, 0.317952, 1.570796, 0.306743, 1.571427, 7.778527, -11.430594
1.662500, 0.316928, 1.570796, 0.305742, 1.571432, 7.810494, -11.484498
1.665000, 0.315894, 1.570796, 0.304724, 1.571437, 7.854696, -11.537754
1.667500, 0.314851, 1.570796, 0.303688, 1.571441, 7.896602, -11.603216
1.670000, 0.313799, 1.570796, 0.302636, 1.571446, 7.938836, -11.678479
1.672500, 0.312737, 1.570796, 0.301566, 1.571451, 7.986414, -11.758902
1.675000, 0.311666, 1.570796, 0.300480, 1.571456, 8.039875, -11.843723
1.677500, 0.310587, 1.570796, 0.299378, 1.571461, 8.098102, -11.933640
1.680000, 0.309500, 1.570796, 0.298260, 1.571466, 8.160667, -12.028765
1.682500, 0.308404, 1.570796, 0.297127, 1.571471, 8.227679, -12.128750
1.685000, 0.307301, 1.570796, 0.295978, 1.571476, 8.299175, -12.233312
1.687500, 0.306190, 1.570796, 0.294814, 1.571481, 8.375020, -12.342319
1.690000, 0.305072, 1.570796, 0.293635, 1.571486, 8.455049, -12.455669
1.692500, 0.303947, 1.570796, 0.292442, 1.571491, 8.539116, -12.573236
1.695000, 0.302815, 1.570796, 0.291235, 1.571497, 8.627086, -12.694885
1.697500, 0.301677, 1.570796, 0.290014, 1.571502, 8.718816, -12.820485
1.700000, 0.300533, 1.570796, 0.288779, 1.571508, 8.814161, -12.949906
1.702500, 0.299382, 1.570796, 0.287531, 1.571513, 8.912976, -13.083017
1.705000, 0.298227, 1.570796, 0.286271, 1.571519, 9.015126, -13.219681
1.707500, 0.297065, 1.570796, 0.284998, 1.571524, 9.120478, -13.359763
1.710000, 0.295899, 1.570796, 0.283713, 1.571530, 9.228905, -13.503124
1.712500, 0.294729, 1.570796, 0.282416, 1.571535, 9.340286, -13.649629
1.715000, 0.293553, 1.570796, 0.281107, 1.571541, 9.454507, -13.799140
1.717500, 0.292374, 1.570796, 0.279788, 1.571547, 9.571456, -13.951525
1.720000, 0.291191, 1.570796, 0.278457, 1.571553, 9.691029, -14.106651
1.722500, 0.290004, 1.570796, 0.277116, 1.571558, 9.813122, -14.264392
1.725000, 0.288814, 1.570796, 0.275765, 1.571564, 9.937637, -14.424622
1.727500, 0.287621, 1.570796, 0.274404, 1.571570, 10.064478, -14.587219
1.730000, 0.286426, 1.570796, 0.273034, 1.571576, 10.193549, -14.752065
1.732500, 0.285228, 1.570796, 0.271654, 1.571582, 10.324757, -14.919045
1.735000, 0.284028, 1.570796, 0.270266, 1.571588, 10.458077, -15.087990
1.737500, 0.282826, 1.570796, 0.268869, 1.571594, 10.594771, -15.255851
1.740000, 0.281622, 1.570796, 0.267464, 1.571600, 10.722415, -15.433548
1.742500, 0.280418, 1.570796, 0.266051, 1.571607, 10.842942, -15.620282
1.745000, 0.279212, 1.570796, 0.264632, 1.571613, 10.969930, -15.803897
1.747500, 0.278006, 1.570796, 0.263205, 1.571620, 11.114969, -15.973309
1.750000, 0.276800, 1.570796, 0.261772, 1.571626, 11.276101, -16.129343
1.752500, 0.275594, 1.570796, 0.260332, 1.571632, 11.436898, -16.302871
